"","Location.Sample.Date","compre_keep","Season","Facility","Object","Room","RoomType","Risk","Soil","Touch","Material","YM","Moisture","Continuity","Area","samples","Mat_cat","Freq_cat","Humid","Temp","Fill_bins_YM","Log10YM","Frequency","variable","value","se"
"1","B.01.2","no","Fall","Facility2","Drain","Batch","Raw",3,"Yes","No","Stainless Steel",55400,"Wet","Perforated","Production","sample-1","Stainless Steel","Weekly",NA,NA,NA,NA,"Weekly","Chao1",79,0
"2","B.17.3","yes","Winter","Facility2","Conveyor","Filling","Filling",2,"Yes","No","Rubber",132000,"Damp","Continuous","Production","sample-10","Rubber","Weekly",NA,NA,NA,NA,"Weekly","Chao1",42,0
"3","NL.21.4","yes","Spring","Facility3","Forklift/Pallet Jack","Materials Handling","Warehouse",3,"Yes","No","Rubber, painted metal",400,"Dry","Continuous","Materials Handling","sample-100","Rubber","As needed",NA,NA,NA,NA,"None/as needed","Chao1",133,0
"4","NL.21.3","yes","Winter","Facility3","Forklift/Pallet Jack","Materials Handling","Warehouse",3,"Yes","No","Rubber, painted metal",3200,"Dry","Continuous","Materials Handling","sample-101","Rubber","As needed",NA,NA,NA,NA,"None/as needed","Chao1",125,0
"5","NL.22.4","no","Spring","Facility3","Drain","Filling","Filling",3,"Yes","No","Stainless Steel",4e+05,"Wet","Perforated","Production","sample-102","Stainless Steel","Daily",NA,NA,NA,NA,"Daily","Chao1",35,0
"6","NL.23.4","no","Spring","Facility3","Drain","Filling","Filling",3,"None","No","Stainless Steel",400,"Wet","Perforated","Production","sample-103","Stainless Steel","Daily",NA,NA,NA,NA,"Daily","Chao1",39,0
"7","NL.25.2","no","Fall","Facility3","Non-FPE Structure","Filling","Filling",3,"Yes","No","Stainless Steel",0,"Dry","Continuous","Production","sample-104","Stainless Steel","Daily",NA,NA,NA,NA,"Daily","Chao1",37,0
"8","NL.26.4","no","Spring","Facility3","Drain","Filling","Filling",3,"Yes","No","Stainless Steel",17600,"Wet","Perforated","Production","sample-105","Stainless Steel","Daily",NA,NA,NA,NA,"Daily","Chao1",102,0
"9","NL.03.2","yes","Fall","Facility3","Forklift/Pallet Jack","Dry Storage","Warehouse",3,"Yes","No","Metal",750,"Dry","Continuous","Storage","sample-106","Metal","As needed",NA,NA,NA,NA,"None/as needed","Chao1",43,0
"10","NL.03.4","yes","Spring","Facility3","Forklift/Pallet Jack","Dry Storage","Warehouse",3,"Yes","No","Metal",182000,"Dry","Continuous","Storage","sample-107","Metal","As needed",NA,NA,NA,NA,"None/as needed","Chao1",35,0
"11","NL.03.3","yes","Winter","Facility3","Forklift/Pallet Jack","Dry Storage","Warehouse",3,"Yes","No","Metal",520000,"Dry","Continuous","Storage","sample-108","Metal","As needed",NA,NA,NA,NA,"None/as needed","Chao1",32,0
"12","NL.32.3","no","Winter","Facility3","FPE Structure","Filling","Filling",2,"Yes","No","Stainless Steel",356000,"Wet","Continuous","Production","sample-109","Stainless Steel","Daily",NA,NA,NA,NA,"Daily","Chao1",93,0
"13","B.18.4","no","Spring","Facility2","Wall/Ceiling","Filling","Filling",3,"Yes","No","Painted Metal, Sealed Stone, Caulk",9600,"Dry","Continuous","Production","sample-11","Painted Metal, Sealed Stone, Caulk","Weekly","Standard (30-60)","Cool (~60-68)","Medium",3.98,"Weekly","Chao1",43,0
"14","NL.35.2","no","Fall","Facility3","Door","Cold Storage","Warehouse",3,"Yes","No","Tarp",0,"Wet","Continuous","Storage","sample-110","Plastic","None","Standard/Dry(0-30)","Cold(~55-40)","Low",0,"None","Chao1",48,0
"15","NL.37.2","no","Fall","Facility3","Conveyor","Filling","Filling",2,"Yes","No","Rubber",200,"Dry","Continuous","Production","sample-111","Rubber","Daily",NA,NA,NA,NA,"Daily","Chao1",29,0
"16","NL.37.3","no","Winter","Facility3","Conveyor","Filling","Filling",2,"Yes","No","Rubber",0,"Dry","Continuous","Production","sample-112","Rubber","Daily",NA,NA,NA,NA,"Daily","Chao1",20,0
"17","NL.39.2","no","Fall","Facility3","Conveyor","Filling","Filling",2,"Yes","No","Rubber",0,"Dry","Continuous","Production","sample-113","Rubber","Daily",NA,NA,NA,NA,"Daily","Chao1",41,0
"18","NL.04.2","yes","Fall","Facility3","Forklift/Pallet Jack","Dry Storage","Warehouse",3,"Yes","No","Rubber, painted metal",50,"Dry","Continuous","Storage","sample-114","Rubber","As needed",NA,NA,NA,NA,"None/as needed","Chao1",118,0
"19","NL.04.4","yes","Spring","Facility3","Forklift/Pallet Jack","Dry Storage","Warehouse",3,"Yes","No","Rubber, painted metal",2400,"Dry","Continuous","Storage","sample-115","Rubber","As needed",NA,NA,NA,NA,"None/as needed","Chao1",111,0
"20","NL.04.3","yes","Winter","Facility3","Forklift/Pallet Jack","Dry Storage","Warehouse",3,"Yes","No","Rubber, painted metal",800,"Dry","Continuous","Storage","sample-116","Rubber","As needed",NA,NA,NA,NA,"None/as needed","Chao1",107,0
"21","NL.40.2","no","Fall","Facility3","Drain","Filling","Filling",3,"Yes","No","Stainless Steel",0,"Wet","Continuous","Production","sample-117","Stainless Steel","Daily",NA,NA,NA,NA,"Daily","Chao1",70,0
"22","NL.40.4","no","Spring","Facility3","Drain","Filling","Filling",3,"Yes","No","Stainless Steel",3800000,"Wet","Continuous","Production","sample-118","Stainless Steel","Daily",NA,NA,NA,NA,"Daily","Chao1",84,0
"23","NL.41.2","yes","Fall","Facility3","Conveyor","Filling","Filling",2,"Yes","No","Rubber",0,"Dry","Continuous","Production","sample-119","Rubber","Daily",NA,NA,NA,NA,"Daily","Chao1",33,0
"24","B.20.2","no","Fall","Facility2","Non-FPE Structure","Filling","Filling",3,"Yes","No","Stainless Steel",0,"Dry","Continuous","Production","sample-12","Stainless Steel","None",NA,NA,NA,NA,"None","Chao1",19,0
"25","NL.41.4","yes","Spring","Facility3","Conveyor","Filling","Filling",2,"Yes","No","Rubber",0,"Dry","Continuous","Production","sample-120","Rubber","Daily",NA,NA,NA,NA,"Daily","Chao1",79,0
"26","NL.41.3","yes","Winter","Facility3","Conveyor","Filling","Filling",2,"Yes","No","Rubber",800,"Dry","Continuous","Production","sample-121","Rubber","Daily",NA,NA,NA,NA,"Daily","Chao1",20,0
"27","NL.42.2","yes","Fall","Facility3","Hose","Filling","Filling",2,"Yes","No","Teflon",0,"Dry","Continuous","Production","sample-122","Plastic","None",NA,NA,NA,NA,"None","Chao1",20,0
"28","NL.43.4","yes","Spring","Facility3","Drain","Filling","Filling",3,"Yes","No","Metal",6800,"Wet","Continuous","Production","sample-123","Metal","Daily",NA,NA,NA,NA,"Daily","Chao1",54,0
"29","NL.43.3","yes","Winter","Facility3","Drain","Filling","Filling",3,"Yes","No","Metal",14000,"Wet","Continuous","Production","sample-124","Metal","Daily",NA,NA,NA,NA,"Daily","Chao1",67,0
"30","NL.44.2","yes","Fall","Facility3","Non-FPE Structure","Filling","Filling",3,"Yes","No","Spray painted wood",0,"Dry","Grille","Production","sample-125","Wood","None",NA,NA,NA,NA,"None","Chao1",77,0
"31","NL.44.4","yes","Spring","Facility3","Non-FPE Structure","Filling","Filling",3,"Yes","No","Spray painted wood",10000,"Wet","Grille","Production","sample-126","Wood","None",NA,NA,NA,NA,"None","Chao1",78,0
"32","NL.44.3","yes","Winter","Facility3","Non-FPE Structure","Filling","Filling",3,"Yes","No","Spray painted wood",2e+06,"Wet","Grille","Production","sample-127","Wood","None",NA,NA,NA,NA,"None","Chao1",69,0
"33","NL.46.2","no","Fall","Facility3","Non-FPE Structure","Filling","Filling",3,"Yes","No","Spray painted wood",0,"Wet","Grille","Production","sample-128","Wood","None",NA,NA,NA,NA,"None","Chao1",94,0
"34","NL.46.4","no","Spring","Facility3","Non-FPE Structure","Filling","Filling",3,"Yes","No","Spray painted wood",800,"Dry","Grille","Production","sample-129","Wood","None",NA,NA,NA,NA,"None","Chao1",62,0
"35","B.21.2","no","Fall","Facility2","Drain","Filling","Filling",3,"Yes","No","Stainless Steel",530000,"Wet","Continuous","Production","sample-13","Stainless Steel","As needed",NA,NA,NA,NA,"None/as needed","Chao1",18,0
"36","NL.46.3","no","Winter","Facility3","Non-FPE Structure","Filling","Filling",3,"Yes","No","Spray painted wood",320000,"Wet","Grille","Production","sample-130","Wood","None",NA,NA,NA,NA,"None","Chao1",46,0
"37","NL.47.2","no","Fall","Facility3","FPE Structure","Filling","Filling",2,"Yes","No","Stainless Steel",0,"Dry","Continuous","Production","sample-131","Stainless Steel","Daily",NA,NA,NA,NA,"Daily","Chao1",35,0
"38","NL.47.4","no","Spring","Facility3","FPE Structure","Filling","Filling",2,"Yes","No","Stainless Steel",0,"Dry","Continuous","Production","sample-132","Stainless Steel","Daily",NA,NA,NA,NA,"Daily","Chao1",44,0
"39","NL.48.2","no","Fall","Facility3","Door","Filling","Filling",3,"Yes","No","Plastic",0,"Dry","Continuous","Production","sample-133","Plastic","None","no data","Ambient/Warm (~75-80)","Low",0,"None","Chao1",68,0
"40","NL.05.2","yes","Fall","Facility3","Cleaning Tools","Dry Storage","Warehouse",3,"Yes","No","Rubber, Metal",0,"Dry","Continuous","Storage","sample-134","Rubber, Metal","Daily",NA,NA,NA,NA,"Daily","Chao1",58,0
"41","NL.05.4","yes","Spring","Facility3","Floor Object","Dry Storage","Warehouse",3,"Yes","No","Painted Metal",2800,"Dry","Continuous","Storage","sample-135","Metal","None","Humid(60-80)","Cool (~60-68)","Medium",3.45,"None","Chao1",139,0
"42","NL.05.3","yes","Winter","Facility3","Cleaning Tools","Dry Storage","Warehouse",3,"Yes","No","Rubber, Metal",6400,"Dry","Continuous","Storage","sample-136","Rubber, Metal","Daily",NA,NA,NA,NA,"Daily","Chao1",62,0
"43","NL.50.2","yes","Fall","Facility3","Floor Object","Cold Storage","Warehouse",3,"Yes","No","Cement",150,"Wet","Continuous","Storage","sample-137","Cement","Daily","Standard/Dry(0-30)","Cold(~55-40)","Low",2.18,"Daily","Chao1",108,0
"44","NL.50.4","yes","Spring","Facility3","Floor Object","Cold Storage","Warehouse",3,"Yes","No","Cement",38000,"Wet","Continuous","Storage","sample-138","Cement","Daily","Standard/Dry(0-30)","Cold(~55-40)","Medium",4.58,"Daily","Chao1",62,0
"45","NL.50.3","yes","Winter","Facility3","Floor Object","Cold Storage","Warehouse",3,"Yes","No","Cement",0,"Wet","Continuous","Storage","sample-139","Cement","Daily","Standard/Dry(0-30)","Cold(~55-40)","Low",0,"Daily","Chao1",115,0
"46","B.22.2","no","Fall","Facility2","Non-FPE Structure","Filling","Filling",3,"None","No","Metal",145000,"Wet","Continuous","Production","sample-14","Metal","Daily",NA,NA,NA,NA,"Daily","Chao1",59,0
"47","NL.51.2","no","Fall","Facility3","Fan/Vent","Cold Storage","Warehouse",3,"Yes","No","Metal",4000,"Dry","Grille","Storage","sample-140","Metal","None","Standard/Dry(0-30)","Cold(~55-40)","Medium",3.6,"None","Chao1",25,0
"48","NL.51.4","no","Spring","Facility3","Fan/Vent","Cold Storage","Warehouse",3,"Yes","No","Metal",8000,"Dry","Grille","Storage","sample-141","Metal","None","Standard/Dry(0-30)","Cold(~55-40)","Medium",3.9,"None","Chao1",41,0
"49","NL.51.3","no","Winter","Facility3","Fan/Vent","Cold Storage","Warehouse",3,"Yes","No","Metal",38400,"Dry","Grille","Storage","sample-142","Metal","None","Standard/Dry(0-30)","Cold(~55-40)","Medium",4.58,"None","Chao1",25,0
"50","NL.52.2","yes","Fall","Facility3","Forklift/Pallet Jack","Cold Storage","Warehouse",3,"Yes","No","Rubber, Metal",300,"Dry","Continuous","Storage","sample-143","Rubber","As needed",NA,NA,NA,NA,"None/as needed","Chao1",88,0
"51","NL.52.4","yes","Spring","Facility3","Forklift/Pallet Jack","Cold Storage","Warehouse",3,"Yes","No","Rubber, Metal",2800,"Dry","Continuous","Storage","sample-144","Rubber","As needed",NA,NA,NA,NA,"None/as needed","Chao1",87,0
"52","NL.52.3","yes","Winter","Facility3","Forklift/Pallet Jack","Cold Storage","Warehouse",3,"Yes","No","Rubber, Metal",3200,"Dry","Continuous","Storage","sample-145","Rubber","As needed",NA,NA,NA,NA,"None/as needed","Chao1",60,0
"53","NL.06.2","no","Fall","Facility3","Non-FPE Structure","Dry Storage","Warehouse",3,"Yes","Yes","Metal",0,"Dry","Continuous","Storage","sample-146","Metal","None",NA,NA,NA,NA,"None","Chao1",84,0
"54","NL.06.4","no","Spring","Facility3","Non-FPE Structure","Dry Storage","Warehouse",3,"Yes","Yes","Metal",400,"Dry","Continuous","Storage","sample-147","Metal","None",NA,NA,NA,NA,"None","Chao1",60,0
"55","NL.06.3","no","Winter","Facility3","Non-FPE Structure","Dry Storage","Warehouse",3,"Yes","Yes","Metal",800,"Dry","Continuous","Storage","sample-148","Metal","None",NA,NA,NA,NA,"None","Chao1",62,0
"56","NL.07.2","yes","Fall","Facility3","Door","Dry Storage","Warehouse",3,"Yes","No","Rubber, Plastic",0,"Dry","Continuous","Storage","sample-149","Plastic","None","Humid(60-80)","Ambient (~70-75)","Low",0,"None","Chao1",47,0
"57","B.22.4","no","Spring","Facility2","Non-FPE Structure","Filling","Filling",3,"None","No","Metal",4.6e+08,"Wet","Continuous","Production","sample-15","Metal","Daily",NA,NA,NA,NA,"Daily","Chao1",37,0
"58","NL.07.4","yes","Spring","Facility3","Door","Dry Storage","Warehouse",3,"Yes","No","Rubber, Plastic",800,"Dry","Continuous","Storage","sample-150","Plastic","None","Humid(60-80)","Cool (~60-68)","Low",2.9,"None","Chao1",87,0
"59","NL.07.3","yes","Winter","Facility3","Door","Dry Storage","Warehouse",3,"Yes","No","Rubber, Plastic",11200,"Dry","Continuous","Storage","sample-151","Plastic","None","Humid(60-80)","Cool (~60-68)","Medium",4.05,"None","Chao1",94,0
"60","NL.08.2","no","Fall","Facility3","Floor Object","UF","Post-Pasteurization ",3,"Yes","No","Painted cinderblock, caulk, brick",0,"Dry","Continuous","Production","sample-152","Brick","None","Very Humid(>80)","warm (~80-90)","Low",0,"None","Chao1",49,0
"61","NL.08.4","no","Spring","Facility3","Floor Object","UF","Post-Pasteurization ",3,"Yes","No","Painted cinderblock, caulk, brick",10800,"Dry","Continuous","Production","sample-153","Brick","None","Very Humid(>80)","Ambient (~70-75)","Medium",4.03,"None","Chao1",51,0
"62","NL.09.3","no","Winter","Facility3","Non-FPE Structure","UF","Post-Pasteurization ",3,"Yes","No","Stainless Steel",41200,"Wet","Continuous","Production","sample-154","Stainless Steel","None",NA,NA,NA,NA,"None","Chao1",50,0
"63","NL.E10.4","no","Spring","Facility3","Drain","Receiving","Warehouse",3,"No","No","Metal",1200000,"Dry","Grid","Receiving","sample-155","Metal",NA,NA,NA,NA,NA,NA,"Chao1",73,0
"64","NL.11.4","no","Spring","Facility3","Cart/Rolling Bins","UF","Post-Pasteurization ",3,"Yes","No","Rubber, Metal",44400,"Dry","Continuous","Production","sample-156","Rubber","None",NA,NA,NA,NA,"None","Chao1",42,0
"65","NL.E5.4","no","Spring","Facility3","Non-FPE Structure","Filling","Filling",3,"No","No","Cardboard",0,"Dry","Continuous","Production","sample-157","Cardboard",NA,NA,NA,NA,NA,NA,"Chao1",131,0
"66","NL.E8.4","no","Spring","Facility3","Wall/Ceiling","Cold Storage","Warehouse",3,"Yes","No","Cincerblock, cement, wood",129000,"Dry","Continuous","Storage","sample-158","Cincerblock, cement, wood",NA,"Standard/Dry(0-30)","Cold(~55-40)","High",5.11,NA,"Chao1",71,0
"67","NL.E9.4","no","Spring","Facility3","Floor Object","Receiving","Warehouse",3,"Yes","No","Diamond Rough Metal",153000,"Dry","Continuous","Receiving","sample-159","Metal",NA,"Standard/Dry(0-30)","Cold(~55-40)","High",5.18,NA,"Chao1",47,0
"68","B.25.2","no","Fall","Facility2","Fan/Vent","Dry Storage","Warehouse",3,"Yes","No","Metal",150,"Dry","Grille","Storage","sample-16","Metal","As needed","Standard/Dry(0-30)","Cool (~60-68)","Low",2.18,"None/as needed","Chao1",83,0
"69","WS.09.2","yes","Fall","Facility1","Hose","Raw Blend","Raw",2,"Yes","Yes","Rubber",365000,"Damp","Continuous","Production","sample-160","Rubber","Yearly",NA,NA,NA,NA,"Yearly","Chao1",50,0
"70","WS.10.3","no","Winter","Facility1","Hose","Raw Blend","Raw",2,"Yes","No","Rubber",800,"Damp","Continuous","Production","sample-161","Rubber","None",NA,NA,NA,NA,"None","Chao1",51,0
"71","WS.11.3","no","Winter","Facility1","Non-FPE Structure","Raw Blend","Raw",3,"Yes","No","Stainless Steel",160000,"Wet","Continuous","Production","sample-162","Stainless Steel","Weekly",NA,NA,NA,NA,"Weekly","Chao1",67,0
"72","WS.12.2","no","Fall","Facility1","Fan/Vent","Raw Blend","Raw",2,"Yes","No","Painted Metal",0,"Dry","Grille","Production","sample-163","Metal","None","Standard (30-60)","Ambient (~70-75)","Low",0,"None","Chao1",55,0
"73","WS.12.3","no","Winter","Facility1","Fan/Vent","Raw Blend","Raw",2,"Yes","No","Painted Metal",0,"Dry","Grille","Production","sample-164","Metal","None","Standard (30-60)","no data","Low",0,"None","Chao1",64,0
"74","WS.14.2","yes","Fall","Facility1","Floor Object","Cold Storage","Warehouse",3,"Yes","No","Metal, Sealed concrete ",10700,"Dry","Grille","Storage","sample-165","Metal, Sealed concrete ","None","Very Humid(>80)","Cold(~55-40)","Medium",4.03,"None","Chao1",88,0
"75","WS.14.4","yes","Spring","Facility1","Floor Object","Cold Storage","Warehouse",3,"Yes","No","Metal, Sealed concrete ",53200,"Dry","Grille","Storage","sample-166","Metal, Sealed concrete ","None","Very Humid(>80)","Cold(~55-40)","Medium",4.73,"None","Chao1",32,0
"76","WS.14.3","yes","Winter","Facility1","Floor Object","Cold Storage","Warehouse",3,"Yes","No","Metal, Sealed concrete ",0,"Dry","Grille","Storage","sample-167","Metal, Sealed concrete ","None","Humid(60-80)","no data","Low",0,"None","Chao1",35,0
"77","WS.15.2","no","Fall","Facility1","Non-FPE Structure","Cold Storage","Warehouse",3,"Yes","No","Metal",1000,"Wet","Grille","Storage","sample-168","Metal","None",NA,NA,NA,NA,"None","Chao1",26,0
"78","WS.15.4","no","Spring","Facility1","Non-FPE Structure","Cold Storage","Warehouse",3,"Yes","No","Metal",320000,"Dry","Grille","Storage","sample-169","Metal","None",NA,NA,NA,NA,"None","Chao1",20,0
"79","B.25.4","no","Spring","Facility2","Fan/Vent","Dry Storage","Warehouse",3,"Yes","No","Metal",2800,"Dry","Grille","Storage","sample-17","Metal","As needed","Standard/Dry(0-30)","Cool (~60-68)","Medium",3.45,"None/as needed","Chao1",176,0
"80","WS.16.2","yes","Fall","Facility1","Floor Object","Cold Storage","Warehouse",3,"Yes","No","Metal",95000,"Wet","Perforated","Storage","sample-170","Metal","Weekly","Very Humid(>80)","Cold(~55-40)","Medium",4.98,"Weekly","Chao1",82,0
"81","WS.16.4","yes","Spring","Facility1","Floor Object","Cold Storage","Warehouse",3,"Yes","No","Metal",4000,"Dry","Perforated","Storage","sample-171","Metal","Weekly","Very Humid(>80)","Cold(~55-40)","Medium",3.6,"Weekly","Chao1",12,0
"82","WS.16.3","yes","Winter","Facility1","Floor Object","Cold Storage","Warehouse",3,"Yes","No","Metal",3600,"Wet","Perforated","Storage","sample-172","Metal","Weekly","Humid(60-80)","no data","Medium",3.56,"Weekly","Chao1",19,0
"83","WS.17.2","no","Fall","Facility1","Cleaning Tools","Cold Storage","Warehouse",3,"None","No","Rubber, Plastic",250,"Dry","Continuous","Storage","sample-173","Plastic","Daily",NA,NA,NA,NA,"Daily","Chao1",44,0
"84","WS.17.3","no","Winter","Facility1","Cleaning Tools","Cold Storage","Warehouse",3,"None","No","Rubber, Plastic",400,"Dry","Continuous","Storage","sample-174","Plastic","Daily",NA,NA,NA,NA,"Daily","Chao1",55,0
"85","WS.18.2","no","Fall","Facility1","Wall/Ceiling","Cold Storage","Warehouse",3,"Yes","No","Painted Metal",46200,"Dry","Continuous","Storage","sample-175","Metal","None","Very Humid(>80)","Cold(~55-40)","Medium",4.66,"None","Chao1",52,0
"86","WS.18.4","no","Spring","Facility1","Wall/Ceiling","Cold Storage","Warehouse",3,"Yes","No","Painted Metal",2360000,"Dry","Continuous","Storage","sample-176","Metal","None","Very Humid(>80)","Cold(~55-40)","High",6.37,"None","Chao1",30,0
"87","WS.18.3","no","Winter","Facility1","Wall/Ceiling","Cold Storage","Warehouse",3,"Yes","No","Painted Metal",2960000,"Dry","Continuous","Storage","sample-177","Metal","None","Humid(60-80)","no data","High",6.47,"None","Chao1",57,0
"88","WS.20.2","yes","Fall","Facility1","Drain","Cheese Room","Post-Pasteurization ",3,"Yes","No","Stainless Steel",1450,"Wet","Perforated","Production","sample-178","Stainless Steel","monthly ",NA,NA,NA,NA,"monthly ","Chao1",49,0
"89","WS.20.4","yes","Spring","Facility1","Drain","Cheese Room","Post-Pasteurization ",3,"Yes","No","Stainless Steel",64000,"Wet","Perforated","Production","sample-179","Stainless Steel","monthly ",NA,NA,NA,NA,"monthly ","Chao1",86,0
"90","B.26.2","no","Fall","Facility2","Door","Dry Storage","Warehouse",3,"Yes","No","Metal",2450,"Dry","Continuous","Storage","sample-18","Metal","As needed","Standard/Dry(0-30)","Cool (~60-68)","Medium",3.39,"None/as needed","Chao1",105,0
"91","WS.20.3","yes","Winter","Facility1","Drain","Cheese Room","Post-Pasteurization ",3,"Yes","No","Stainless Steel",192000,"Wet","Perforated","Production","sample-180","Stainless Steel","monthly ",NA,NA,NA,NA,"monthly ","Chao1",50,0
"92","WS.21.3","no","Winter","Facility1","Door","Cheese Room","Post-Pasteurization ",3,"Yes","No","Plastic",0,"Damp","Continuous","Production","sample-181","Plastic","Continuous","Standard (30-60)","no data","Low",0,"Continuous","Chao1",66,0
"93","WS.22.2","no","Fall","Facility1","Cart/Rolling Bins","Cheese Room","Post-Pasteurization ",3,"Yes","No","Rubber, Metal",0,"Dry","Continuous","Production","sample-182","Rubber","None",NA,NA,NA,NA,"None","Chao1",108,0
"94","WS.23.2","no","Fall","Facility1","Hose","Cheese Room","Post-Pasteurization ",2,"Yes","No","Rubber",0,"Dry","Continuous","Production","sample-183","Rubber","None",NA,NA,NA,NA,"None","Chao1",45,0
"95","WS.23.3","no","Winter","Facility1","Hose","Cheese Room","Post-Pasteurization ",2,"Yes","No","Rubber",0,"Dry","Continuous","Production","sample-184","Rubber","None",NA,NA,NA,NA,"None","Chao1",39,0
"96","WS.24.2","yes","Fall","Facility1","Floor Object","Cheese Room","Post-Pasteurization ",3,"Yes","No","Metal",0,"Dry","Grid","Production","sample-185","Metal","None","Standard (30-60)","Ambient (~70-75)","Low",0,"None","Chao1",53,0
"97","WS.24.4","yes","Spring","Facility1","Floor Object","Cheese Room","Post-Pasteurization ",3,"Yes","No","Metal",0,"Dry","Grid","Production","sample-186","Metal","None","Standard (30-60)","Ambient (~70-75)","Low",0,"None","Chao1",97,0
"98","WS.24.3","yes","Winter","Facility1","Floor Object","Cheese Room","Post-Pasteurization ",3,"Yes","No","Metal",0,"Dry","Grid","Production","sample-187","Metal","None","Standard (30-60)","Ambient (~70-75)","Low",0,"None","Chao1",56,0
"99","WS.27.2","yes","Fall","Facility1","Hose","Cheese Room","Post-Pasteurization ",2,"Yes","Yes","Metal",14400,"Dry","Continuous","Production","sample-188","Metal","None",NA,NA,NA,NA,"None","Chao1",68,0
"100","WS.27.4","yes","Spring","Facility1","Hose","Cheese Room","Post-Pasteurization ",2,"Yes","Yes","Metal",1600,"Dry","Continuous","Production","sample-189","Metal","None",NA,NA,NA,NA,"None","Chao1",70,0
"101","B.26.4","no","Spring","Facility2","Door","Dry Storage","Warehouse",3,"Yes","No","Metal",400,"Dry","Continuous","Storage","sample-19","Metal","As needed","Standard/Dry(0-30)","Cool (~60-68)","Low",2.6,"None/as needed","Chao1",155,0
"102","WS.27.3","yes","Winter","Facility1","Hose","Cheese Room","Post-Pasteurization ",2,"Yes","Yes","Metal",11200,"Dry","Continuous","Production","sample-190","Metal","None",NA,NA,NA,NA,"None","Chao1",33,0
"103","WS.28.4","no","Spring","Facility1","FPE Structure","Kosher Cheese Room","Post-Pasteurization ",2,"Yes","No","Stainless Steel",62800,"Dry","Continuous","Production","sample-191","Stainless Steel","Daily",NA,NA,NA,NA,"Daily","Chao1",85,0
"104","WS.28.3","no","Winter","Facility1","FPE Structure","Kosher Cheese Room","Post-Pasteurization ",2,"Yes","No","Stainless Steel",234000,"Dry","Continuous","Production","sample-192","Stainless Steel","Daily",NA,NA,NA,NA,"Daily","Chao1",37,0
"105","WS.29.3","no","Winter","Facility1","Floor Object","Kosher Cheese Room","Post-Pasteurization ",3,"Yes","No","Sealed Stone",6000,"Wet","Continuous","Production","sample-193","Sealed Stone","None/as needed","Standard (30-60)","no data","Medium",3.78,"None/as needed","Chao1",28,0
"106","WS.31.2","no","Fall","Facility1","FPE Structure","Kosher Cheese Room","Post-Pasteurization ",2,"Yes","No","Stainless Steel",35000,"Dry","Continuous","Production","sample-194","Stainless Steel","Daily",NA,NA,NA,NA,"Daily","Chao1",37,0
"107","WS.31.4","no","Spring","Facility1","FPE Structure","Kosher Cheese Room","Post-Pasteurization ",2,"Yes","No","Stainless Steel",9200,"Dry","Continuous","Production","sample-195","Stainless Steel","Daily",NA,NA,NA,NA,"Daily","Chao1",38,0
"108","WS.31.3","no","Winter","Facility1","FPE Structure","Kosher Cheese Room","Post-Pasteurization ",2,"Yes","No","Stainless Steel",61600,"Dry","Continuous","Production","sample-196","Stainless Steel","Daily",NA,NA,NA,NA,"Daily","Chao1",54,0
"109","WS.33.4","no","Spring","Facility1","Non-FPE Structure","Cheese Room","Post-Pasteurization ",2,"None","No","Stainless Steel",19600,"Wet","Continuous","Production","sample-197","Stainless Steel","None",NA,NA,NA,NA,"None","Chao1",79,0
"110","WS.35.2","yes","Fall","Facility1","Drain","Cheese Room","Post-Pasteurization ",3,"Yes","No","Stainless Steel",2.48e+08,"Wet","Perforated","Production","sample-198","Stainless Steel","monthly ",NA,NA,NA,NA,"monthly ","Chao1",61,0
"111","WS.35.4","yes","Spring","Facility1","Drain","Cheese Room","Post-Pasteurization ",3,"Yes","No","Stainless Steel",1.94e+09,"Wet","Perforated","Production","sample-199","Stainless Steel","monthly ",NA,NA,NA,NA,"monthly ","Chao1",62,0
"112","B.12.3","no","Winter","Facility2","Door","HTST","Raw",3,"Yes","No","Rubber, Metal",0,"Wet","Continuous","Production","sample-2","Rubber, Metal","Weekly","Standard (30-60)","Ambient (~70-75)","Low",0,"Weekly","Chao1",33,0
"113","B.27.2","yes","Fall","Facility2","Forklift/Pallet Jack","Dry Storage","Warehouse",3,"Yes","No","Metal",13400,"Dry","Continuous","Storage","sample-20","Metal","As needed",NA,NA,NA,NA,"None/as needed","Chao1",78,0
"114","WS.35.3","yes","Winter","Facility1","Drain","Cheese Room","Post-Pasteurization ",3,"Yes","No","Stainless Steel",7.07e+09,"Wet","Perforated","Production","sample-200","Stainless Steel","monthly ",NA,NA,NA,NA,"monthly ","Chao1",92,0
"115","WS.36.2","no","Fall","Facility1","Wall/Ceiling","Cheese Room","Post-Pasteurization ",3,"Yes","No","Painted Cinderblock",50000,"Dry","Continuous","Production","sample-201","Painted Cinderblock","None","Standard (30-60)","Ambient (~70-75)","Medium",4.7,"None","Chao1",42,0
"116","WS.36.4","no","Spring","Facility1","Wall/Ceiling","Cheese Room","Post-Pasteurization ",3,"Yes","No","Painted Cinderblock",132000,"Dry","Continuous","Production","sample-202","Painted Cinderblock","None","Standard (30-60)","Ambient (~70-75)","High",5.12,"None","Chao1",31,0
"117","WS.37.3","no","Winter","Facility1","Non-FPE Structure","Cheese Room","Post-Pasteurization ",3,"Yes","No","Stainless Steel",0,"Dry","Continuous","Production","sample-203","Stainless Steel","None",NA,NA,NA,NA,"None","Chao1",40,0
"118","WS.39.2","yes","Fall","Facility1","Forklift/Pallet Jack","Filling","Filling",2,"Yes","No","Rubber, Metal",21600,"Dry","Continuous","Production","sample-204","Rubber, Metal","As needed",NA,NA,NA,NA,"None/as needed","Chao1",47,0
"119","WS.39.4","yes","Spring","Facility1","Forklift/Pallet Jack","Filling","Filling",2,"Yes","No","Rubber, Metal",0,"Dry","Continuous","Production","sample-205","Rubber, Metal","As needed",NA,NA,NA,NA,"None/as needed","Chao1",97,0
"120","WS.39.3","yes","Winter","Facility1","Forklift/Pallet Jack","Filling","Filling",2,"Yes","No","Rubber, Metal",3240000,"Dry","Continuous","Production","sample-206","Rubber, Metal","As needed",NA,NA,NA,NA,"None/as needed","Chao1",55,0
"121","WS.04.2","no","Fall","Facility1","Drain","Dry Storage","Warehouse",3,"Yes","No","Stainless Steel",310000,"Dry","Perforated","Production","sample-207","Stainless Steel","monthly ",NA,NA,NA,NA,"monthly ","Chao1",139,0
"122","WS.40.4","no","Spring","Facility1","Cart/Rolling Bins","Filling","Filling",3,"None","No","Rubber, Metal",41600,"Wet","Continuous","Production","sample-208","Rubber","None",NA,NA,NA,NA,"None","Chao1",78,0
"123","WS.40.3","no","Winter","Facility1","Cart/Rolling Bins","Filling","Filling",3,"None","No","Rubber, Metal",0,"Dry","Continuous","Production","sample-209","Rubber","None",NA,NA,NA,NA,"None","Chao1",47,0
"124","B.27.4","yes","Spring","Facility2","Forklift/Pallet Jack","Dry Storage","Warehouse",3,"Yes","No","Metal",4000,"Dry","Continuous","Storage","sample-21","Metal","As needed",NA,NA,NA,NA,"None/as needed","Chao1",79,0
"125","WS.41.2","no","Fall","Facility1","Cart/Rolling Bins","Filling","Filling",3,"None","No","Plastic",1250,"Dry","Continuous","Production","sample-210","Rubber","None",NA,NA,NA,NA,"None","Chao1",81,0
"126","WS.41.4","no","Spring","Facility1","Cart/Rolling Bins","Filling","Filling",3,"None","No","Plastic",4000,"Damp","Continuous","Production","sample-211","Rubber","None",NA,NA,NA,NA,"None","Chao1",97,0
"127","WS.41.3","no","Winter","Facility1","Cart/Rolling Bins","Filling","Filling",3,"None","No","Plastic",52400,"Damp","Continuous","Production","sample-212","Rubber","None",NA,NA,NA,NA,"None","Chao1",91,0
"128","WS.42.2","no","Fall","Facility1","Drain","Filling","Filling",3,"Yes","No","Stainless Steel",950,"Wet","Perforated","Production","sample-213","Stainless Steel","monthly ",NA,NA,NA,NA,"monthly ","Chao1",126,0
"129","WS.42.4","no","Spring","Facility1","Drain","Filling","Filling",3,"Yes","No","Stainless Steel",38000,"Wet","Perforated","Production","sample-214","Stainless Steel","monthly ",NA,NA,NA,NA,"monthly ","Chao1",96,0
"130","WS.42.3","no","Winter","Facility1","Drain","Filling","Filling",3,"Yes","No","Stainless Steel",4e+07,"Wet","Perforated","Production","sample-215","Stainless Steel","monthly ",NA,NA,NA,NA,"monthly ","Chao1",164,0
"131","WS.43.2","yes","Fall","Facility1","Forklift/Pallet Jack","Filling","Filling",2,"None","No","Rubber, Metal",3550,"Dry,Wet","Continuous","Production","sample-216","Rubber, Metal","As needed",NA,NA,NA,NA,"None/as needed","Chao1",101,0
"132","WS.43.4","yes","Spring","Facility1","Forklift/Pallet Jack","Filling","Filling",2,"None","No","Rubber, Metal",1120000,"Wet","Continuous","Production","sample-217","Rubber, Metal","As needed",NA,NA,NA,NA,"None/as needed","Chao1",72,0
"133","WS.43.3","yes","Winter","Facility1","Forklift/Pallet Jack","Filling","Filling",2,"None","No","Rubber, Metal",20400,"Wet","Continuous","Production","sample-218","Rubber, Metal","As needed",NA,NA,NA,NA,"None/as needed","Chao1",107,0
"134","WS.44.4","no","Spring","Facility1","Floor Object","Filling","Filling",3,"Yes","No","Painted Metal",6800,"Damp","Grid","Production","sample-219","Metal","None","Standard (30-60)","Cool (~60-68)","Medium",3.83,"None","Chao1",38,0
"135","B.27.3","yes","Winter","Facility2","Forklift/Pallet Jack","Dry Storage","Warehouse",3,"Yes","No","Metal",5600,"Dry","Continuous","Storage","sample-22","Metal","As needed",NA,NA,NA,NA,"None/as needed","Chao1",106,0
"136","WS.45.4","no","Spring","Facility1","Conveyor","Filling","Filling",2,"Yes","No","Plastic",0,"Dry","Continuous","Production","sample-220","Plastic","Weekly",NA,NA,NA,NA,"Weekly","Chao1",29,0
"137","WS.46.2","yes","Fall","Facility1","Drain","Hot Room","Warehouse",3,"Yes","No","Stainless Steel",25000,"Dry","Perforated","Storage","sample-221","Stainless Steel","monthly ",NA,NA,NA,NA,"monthly ","Chao1",68,0
"138","WS.46.4","yes","Spring","Facility1","Drain","Hot Room","Warehouse",3,"Yes","No","Stainless Steel",23200,"Dry","Perforated","Storage","sample-222","Stainless Steel","monthly ",NA,NA,NA,NA,"monthly ","Chao1",108,0
"139","WS.46.3","yes","Winter","Facility1","Drain","Hot Room","Warehouse",3,"Yes","No","Stainless Steel",0,"Dry","Perforated","Storage","sample-223","Stainless Steel","monthly ",NA,NA,NA,NA,"monthly ","Chao1",154,0
"140","WS.47.2","yes","Fall","Facility1","Door","Hot Room","Warehouse",3,"Yes","No","Metal",0,"Dry","Continuous","Storage","sample-224","Metal","None","Standard/Dry(0-30)","Hot(106.5)","Low",0,"None","Chao1",173,0
"141","WS.47.4","yes","Spring","Facility1","Door","Hot Room","Warehouse",3,"Yes","No","Metal",0,"Dry","Continuous","Storage","sample-225","Metal","None","Standard/Dry(0-30)","Hot(106.5)","Low",0,"None","Chao1",121,0
"142","WS.47.3","yes","Winter","Facility1","Door","Hot Room","Warehouse",3,"Yes","No","Metal",400,"Dry","Continuous","Storage","sample-226","Metal","None","Standard/Dry(0-30)","Hot(106.5)","Low",2.6,"None","Chao1",129,0
"143","WS.48.2","yes","Fall","Facility1","Door","Hot Room","Warehouse",3,"Yes","No","Painted Metal, Plastic",600,"Dry","Continuous","Storage","sample-227","Plastic, Metal","None","Standard/Dry(0-30)","Hot(106.5)","Low",2.78,"None","Chao1",122,0
"144","WS.48.4","yes","Spring","Facility1","Door","Hot Room","Warehouse",3,"Yes","No","Painted Metal, Plastic",1600,"Dry","Continuous","Storage","sample-228","Plastic, Metal","None","Standard/Dry(0-30)","Hot(106.5)","Medium",3.2,"None","Chao1",102,0
"145","WS.48.3","yes","Winter","Facility1","Door","Hot Room","Warehouse",3,"Yes","No","Painted Metal, Plastic",1200,"Dry","Continuous","Storage","sample-229","Plastic, Metal","None","Standard/Dry(0-30)","Hot(106.5)","Medium",3.08,"None","Chao1",143,0
"146","B.28.2","no","Fall","Facility2","Floor Object","Dry Storage","Warehouse",3,"Yes","No","Painted Metal",1900,"Dry","Continuous","Storage","sample-23","Metal","As needed","Standard/Dry(0-30)","Cool (~60-68)","Medium",3.28,"None/as needed","Chao1",131,0
"147","WS.49.2","yes","Fall","Facility1","Fan/Vent","Hot Room","Warehouse",3,"Yes","No","Metal",600,"Dry","Grille","Storage","sample-230","Metal","None","Standard/Dry(0-30)","Hot(106.5)","Low",2.78,"None","Chao1",76,0
"148","WS.49.4","yes","Spring","Facility1","Fan/Vent","Hot Room","Warehouse",3,"Yes","No","Metal",3200,"Dry","Grille","Storage","sample-231","Metal","None","Standard/Dry(0-30)","Hot(106.5)","Medium",3.51,"None","Chao1",99,0
"149","WS.49.3","yes","Winter","Facility1","Fan/Vent","Hot Room","Warehouse",3,"Yes","No","Metal",800,"Dry","Grille","Storage","sample-232","Metal","None","Standard/Dry(0-30)","Hot(106.5)","Low",2.9,"None","Chao1",126,0
"150","WS.05.2","no","Fall","Facility1","Forklift/Pallet Jack","Dry Storage","Warehouse",3,"Yes","No","Rubber, Metal",400,"Dry","Continuous","Production","sample-233","Rubber, Metal","Yearly",NA,NA,NA,NA,"Yearly","Chao1",103,0
"151","WS.05.3","no","Winter","Facility1","Forklift/Pallet Jack","Dry Storage","Warehouse",3,"Yes","No","Rubber, Metal",525000,"Dry","Continuous","Production","sample-234","Rubber, Metal","Yearly",NA,NA,NA,NA,"Yearly","Chao1",48,0
"152","WS.50.4","no","Spring","Facility1","Fan/Vent","Hot Room","Warehouse",3,"Yes","No","Painted Metal",400,"Dry","Grille","Storage","sample-235","Metal","None","Standard/Dry(0-30)","Hot(106.5)","Low",2.6,"None","Chao1",114,0
"153","WS.50.3","no","Winter","Facility1","Fan/Vent","Hot Room","Warehouse",3,"Yes","No","Painted Metal",0,"Dry","Grille","Storage","sample-236","Metal","None","Standard/Dry(0-30)","Hot(106.5)","Low",0,"None","Chao1",115,0
"154","WS.51.4","no","Spring","Facility1","FPE Structure","Yogurt Room","Post-Pasteurization ",2,"Yes","No","Stainless Steel",16400,"Wet","Continuous","Production","sample-237","Stainless Steel","Weekly",NA,NA,NA,NA,"Weekly","Chao1",38,0
"155","WS.06.2","no","Fall","Facility1","Forklift/Pallet Jack","Dry Storage","Warehouse",3,"Yes","No","Rubber, Metal",800,"Dry","Continuous","Production","sample-238","Rubber, Metal","Yearly",NA,NA,NA,NA,"Yearly","Chao1",160,0
"156","WS.06.3","no","Winter","Facility1","Forklift/Pallet Jack","Dry Storage","Warehouse",3,"Yes","No","Rubber, Metal",8000,"Dry","Continuous","Production","sample-239","Rubber, Metal","Yearly",NA,NA,NA,NA,"Yearly","Chao1",129,0.498058245091752
"157","B.28.4","no","Spring","Facility2","Floor Object","Dry Storage","Warehouse",3,"Yes","No","Painted Metal",4400,"Dry","Continuous","Storage","sample-24","Metal","As needed","Standard/Dry(0-30)","Cool (~60-68)","Medium",3.64,"None/as needed","Chao1",115,0
"158","WS.08.2","yes","Fall","Facility1","Drain","Raw Blend","Raw",3,"Yes","No","Stainless Steel",2.08e+08,"Wet","Perforated","Production","sample-240","Stainless Steel","monthly ",NA,NA,NA,NA,"monthly ","Chao1",99,0
"159","WS.08.4","yes","Spring","Facility1","Drain","Raw Blend","Raw",3,"Yes","No","Stainless Steel",1.95e+09,"Wet","Perforated","Production","sample-241","Stainless Steel","monthly ",NA,NA,NA,NA,"monthly ","Chao1",57,0
"160","WS.08.3","yes","Winter","Facility1","Drain","Raw Blend","Raw",3,"Yes","No","Stainless Steel",13600000,"Wet","Perforated","Production","sample-242","Stainless Steel","monthly ",NA,NA,NA,NA,"monthly ","Chao1",56,0
"161","WS.09.4","yes","Spring","Facility1","Hose","Raw Blend","Raw",2,"Yes","Yes","Rubber",14000,"Dry","Continuous","Production","sample-243","Rubber","Yearly",NA,NA,NA,NA,"Yearly","Chao1",58,0
"162","WS.09.3","yes","Winter","Facility1","Hose","Raw Blend","Raw",2,"Yes","Yes","Rubber",12100000,"Damp","Continuous","Production","sample-244","Rubber","Yearly",NA,NA,NA,NA,"Yearly","Chao1",46,0
"163","WS.10.4","no","Spring","Facility1","Hose","Raw Blend","Raw",2,"Yes","No","Rubber",8800,"Damp","Continuous","Production","sample-245","Rubber","None",NA,NA,NA,NA,"None","Chao1",49,0
"164","WS.E2.4","no","Spring","Facility1","Drain","Materials Handling","Warehouse",3,"Yes","No","Stainless Steel",8.04e+08,"Dry","Perforated","Materials Handling","sample-246","Stainless Steel","monthly ",NA,NA,NA,NA,"monthly ","Chao1",58,0
"165","WS.E3.4","no","Spring","Facility1","Drain","Cold Storage","Warehouse",3,"Yes","No","Stainless Steel",17800000,"Wet","Continuous","Materials Handling","sample-247","Stainless Steel",NA,NA,NA,NA,NA,NA,"Chao1",56,0
"166","WS.E4.4","no","Spring","Facility1","Conveyor","Cold Storage","Warehouse",3,"Yes","No","Stainless Steel",29600,"Dry","Continuous","Storage","sample-248","Stainless Steel","Weekly",NA,NA,NA,NA,"Weekly","Chao1",91,0
"167","WS.E5.4","no","Spring","Facility1","Conveyor","Cold Storage","Warehouse",3,"Yes","No","Painted Metal",69200,"Dry","Continuous","Storage","sample-249","Metal","Weekly",NA,NA,NA,NA,"Weekly","Chao1",96,0
"168","B.29.4","no","Spring","Facility2","Cleaning Tools","Materials Handling","Warehouse",3,"Yes","No","Plastic",2400,"Dry","Spiked","Materials Handling","sample-25","Plastic","None",NA,NA,NA,NA,"None","Chao1",122,0
"169","WS.E6.4","no","Spring","Facility1","Floor Object","Hallway","Office/Hallway",4,"Yes","No","Cement floor, painted cinderblock wall",1200,"Dry","Continuous","Hallway","sample-250","Cement floor, painted cinderblock wall","None/as needed",NA,NA,NA,NA,"None/as needed","Chao1",193,0
"170","WS.E7.4","no","Spring","Facility1","Floor Object","Batch","Raw",3,"Yes","No","Sealed Stone",11800000,"Damp","Continuous","Production","sample-251","Sealed Stone","None/as needed","Standard (30-60)","Cool (~60-68)","High",7.07,"None/as needed","Chao1",80,0
"171","B.10B.1","no","Summer","Facility2","Cleaning Tools","HTST","Raw",3,"Yes","No","Plastic",0,"Dry","Continuous","Production","sample-252","Plastic","None",NA,NA,NA,NA,"None","Chao1",17,0
"172","B.13A.1","no","Summer","Facility2","Floor Object","Fermentation Room","Post-Pasteurization ",3,"Yes","No","Rubber, Metal",1050,"Dry","Continuous","Production","sample-253","Rubber, Metal","None","Standard/Dry(0-30)","Ambient (~70-75)","Medium",3.02,"None","Chao1",1,0
"173","B.13B.1","no","Summer","Facility2","Floor Object","Fermentation Room","Post-Pasteurization ",3,"Yes","No","Rubber, Metal",1e+05,"Dry","Continuous","Production","sample-254","Rubber, Metal","None","Standard/Dry(0-30)","Ambient (~70-75)","High",5,"None","Chao1",17,0
"174","B.14B.1","no","Summer","Facility2","FPE Structure","Fermentation Room","Post-Pasteurization ",2,"Yes","No","Stainless Steel",0,"Dry","Continuous","Production","sample-255","Stainless Steel","Weekly",NA,NA,NA,NA,"Weekly","Chao1",6,0
"175","B.15A.1","no","Summer","Facility2","Conveyor","Filling","Filling",2,"Yes","No","Stainless Steel",770000,"Dry","Continuous","Production","sample-256","Stainless Steel","Weekly",NA,NA,NA,NA,"Weekly","Chao1",9,0
"176","B.15B.1","no","Summer","Facility2","Conveyor","Filling","Filling",2,"Yes","No","Stainless Steel",35000,"Dry","Continuous","Production","sample-257","Stainless Steel","Weekly",NA,NA,NA,NA,"Weekly","Chao1",6,0
"177","B.16A.1","no","Summer","Facility2","Wall/Ceiling","Filling","Filling",3,"Yes","No","Painted Metal, Sealed Stone, Caulk",1400,"Damp","Continuous","Production","sample-258","Painted Metal, Sealed Stone, Caulk","Weekly","Standard (30-60)","Ambient (~70-75)","Medium",3.15,"Weekly","Chao1",12,0
"178","B.16B.1","no","Summer","Facility2","Wall/Ceiling","Filling","Filling",3,"Yes","No","Painted Metal, Sealed Stone, Caulk",700,"Damp","Continuous","Production","sample-259","Painted Metal, Sealed Stone, Caulk","Weekly","Standard (30-60)","Ambient (~70-75)","Low",2.85,"Weekly","Chao1",23,0
"179","B.30.2","no","Fall","Facility2","Non-FPE Structure","Materials Handling","Warehouse",3,"Yes","No","Stainless Steel",405000,"Dry","Continuous","Materials Handling","sample-26","Stainless Steel","None",NA,NA,NA,NA,"None","Chao1",57,0
"180","B.17A.1","yes","Summer","Facility2","Conveyor","Filling","Filling",2,"Yes","No","Rubber",50000,"Dry","Continuous","Production","sample-260","Rubber","Weekly",NA,NA,NA,NA,"Weekly","Chao1",8,0
"181","B.17B.1","yes","Summer","Facility2","Conveyor","Filling","Filling",2,"Yes","No","Rubber",51800,"Dry","Continuous","Production","sample-261","Rubber","Weekly",NA,NA,NA,NA,"Weekly","Chao1",7,0
"182","B.18A.1","no","Summer","Facility2","Wall/Ceiling","Filling","Filling",3,"Yes","No","Painted Metal, Sealed Stone, Caulk",8e+06,"Dry","Continuous","Production","sample-262","Painted Metal, Sealed Stone, Caulk","Weekly","Standard (30-60)","Ambient (~70-75)","High",6.9,"Weekly","Chao1",18,0
"183","B.18B.1","no","Summer","Facility2","Wall/Ceiling","Filling","Filling",3,"Yes","No","Painted Metal, Sealed Stone, Caulk",50000,"Dry","Continuous","Production","sample-263","Painted Metal, Sealed Stone, Caulk","Weekly",NA,NA,NA,NA,"Weekly","Chao1",18,0
"184","B.19A.1","no","Summer","Facility2","Cart/Rolling Bins","Filling","Filling",3,"Yes","No","Rubber, Metal",180000,"Dry","Continuous","Production","sample-264","Rubber","Daily",NA,NA,NA,NA,"Daily","Chao1",18,0
"185","B.20A.1","no","Summer","Facility2","Non-FPE Structure","Filling","Filling",3,"Yes","No","Stainless Steel",850,"Dry","Continuous","Production","sample-265","Stainless Steel","None",NA,NA,NA,NA,"None","Chao1",13,0
"186","B.21A.1","no","Summer","Facility2","Drain","Filling","Filling",3,"Yes","No","Stainless Steel",10300000,"Wet","Continuous","Production","sample-266","Stainless Steel","As needed",NA,NA,NA,NA,"None/as needed","Chao1",8,0
"187","B.21B.1","no","Summer","Facility2","Drain","Filling","Filling",3,"Yes","No","Stainless Steel",50000,"Wet","Perforated","Production","sample-267","Stainless Steel","As needed",NA,NA,NA,NA,"None/as needed","Chao1",70,0.496415724396973
"188","B.25B.1","no","Summer","Facility2","Fan/Vent","Dry Storage","Warehouse",3,"Yes","No","Metal",300,"Dry","Grille","Storage","sample-268","Metal","As needed","Standard/Dry(0-30)","Cool (~60-68)","Low",2.48,"None/as needed","Chao1",2,0
"189","B.26A.1","no","Summer","Facility2","Door","Dry Storage","Warehouse",3,"Yes","No","Metal",4800,"Dry","Continuous","Storage","sample-269","Metal","As needed","Standard/Dry(0-30)","Cool (~60-68)","Medium",3.68,"None/as needed","Chao1",110,0
"190","B.30.4","no","Spring","Facility2","Non-FPE Structure","Materials Handling","Warehouse",3,"Yes","No","Stainless Steel",2120000,"Dry","Continuous","Materials Handling","sample-27","Stainless Steel","None",NA,NA,NA,NA,"None","Chao1",49,0
"191","B.26B.1","no","Summer","Facility2","Door","Dry Storage","Warehouse",3,"Yes","No","Metal",850,"Dry","Continuous","Storage","sample-270","Metal","As needed","Standard/Dry(0-30)","Cool (~60-68)","Low",2.93,"None/as needed","Chao1",1,0
"192","B.27A.1","yes","Summer","Facility2","Forklift/Pallet Jack","Dry Storage","Warehouse",3,"Yes","No","Metal",45400,"Dry","Continuous","Storage","sample-271","Metal","As needed",NA,NA,NA,NA,"None/as needed","Chao1",57,0
"193","B.27B.1","yes","Summer","Facility2","Forklift/Pallet Jack","Dry Storage","Warehouse",3,"Yes","No","Metal",30000,"Dry","Continuous","Storage","sample-272","Metal","As needed",NA,NA,NA,NA,"None/as needed","Chao1",0,NA
"194","B.28A.1","no","Summer","Facility2","Floor Object","Dry Storage","Warehouse",3,"Yes","No","Painted Metal",450,"Dry","Continuous","Storage","sample-273","Metal","As needed","Standard/Dry(0-30)","Cool (~60-68)","Low",2.65,"None/as needed","Chao1",83,0
"195","B.28B.1","no","Summer","Facility2","Floor Object","Dry Storage","Warehouse",3,"Yes","No","Painted Metal",850,"Dry","Continuous","Storage","sample-274","Metal","As needed","Standard/Dry(0-30)","Cool (~60-68)","Low",2.93,"None/as needed","Chao1",0,NA
"196","B.29A.1","no","Summer","Facility2","Cleaning Tools","Materials Handling","Warehouse",3,"Yes","No","Plastic",350,"Dry","Spiked","Materials Handling","sample-275","Plastic","None",NA,NA,NA,NA,"None","Chao1",85,0.497050121747708
"197","B.29B.1","no","Summer","Facility2","Cleaning Tools","Materials Handling","Warehouse",3,"Yes","No","Plastic",2750,"Dry","Spiked","Materials Handling","sample-276","Plastic","None",NA,NA,NA,NA,"None","Chao1",1,0
"198","B.30A.1","no","Summer","Facility2","Non-FPE Structure","Materials Handling","Warehouse",3,"Yes","No","Stainless Steel",610000,"Dry","Continuous","Materials Handling","sample-277","Stainless Steel","None",NA,NA,NA,NA,"None","Chao1",66,0
"199","B.30B.1","no","Summer","Facility2","Non-FPE Structure","Materials Handling","Warehouse",3,"Yes","No","Stainless Steel",10000,"Dry","Continuous","Materials Handling","sample-278","Stainless Steel","None",NA,NA,NA,NA,"None","Chao1",10,0
"200","B.31A.1","no","Summer","Facility2","Forklift/Pallet Jack","Cold Storage","Warehouse",3,"Yes","No","Metal",1650,"Dry","Continuous","Storage","sample-279","Metal","As needed",NA,NA,NA,NA,"None/as needed","Chao1",115,0
"201","B.31.2","no","Fall","Facility2","Forklift/Pallet Jack","Cold Storage","Warehouse",3,"Yes","No","Metal",4400,"Dry","Continuous","Storage","sample-28","Metal","As needed",NA,NA,NA,NA,"None/as needed","Chao1",164,0
"202","B.31B.1","no","Summer","Facility2","Forklift/Pallet Jack","Cold Storage","Warehouse",3,"Yes","No","Metal",2800,"Dry","Continuous","Storage","sample-280","Metal","As needed",NA,NA,NA,NA,"None/as needed","Chao1",8,0
"203","B.32B.1","no","Summer","Facility2","Forklift/Pallet Jack","Cold Storage","Warehouse",3,"Yes","No","Metal, plastic, rubber",50,"Dry","Continuous","Storage","sample-281","Plastic, Metal","As needed",NA,NA,NA,NA,"None/as needed","Chao1",34,0
"204","B.33A.1","no","Summer","Facility2","Door","Cold Storage","Warehouse",3,"Yes","No","Painted Metal",0,"Dry","Continuous","Storage","sample-282","Metal","None","Standard/Dry(0-30)","Cold(~55-40)","Low",0,"None","Chao1",29,0
"205","B.33B.1","no","Summer","Facility2","Door","Cold Storage","Warehouse",3,"Yes","No","Painted Metal",5000,"Dry","Continuous","Storage","sample-283","Metal","None","Standard/Dry(0-30)","Cold(~55-40)","Medium",3.7,"None","Chao1",30,0
"206","B.03A.1","no","Summer","Facility2","Hose","Batch","Raw",2,"Yes","Yes","Plastic, Metal",5350,"Dry","Continuous","Production","sample-284","Plastic, Metal","None",NA,NA,NA,NA,"None","Chao1",5,0
"207","B.03B.1","no","Summer","Facility2","Hose","Batch","Raw",3,"Yes","Yes","Plastic, Metal",16200,"Dry","Continuous","Production","sample-285","Plastic, Metal","None",NA,NA,NA,NA,"None","Chao1",11,0
"208","B.04A.1","yes","Summer","Facility2","Cleaning Tools","Batch","Raw",2,"Yes","No","Rubber, Plastic",0,"Dry","Continuous","Production","sample-286","Plastic","None",NA,NA,NA,NA,"None","Chao1",3,0
"209","B.04B.1","yes","Summer","Facility2","Cleaning Tools","Batch","Raw",2,"Yes","No","Rubber, Plastic",0,"Dry","Continuous","Production","sample-287","Plastic","None",NA,NA,NA,NA,"None","Chao1",20,0
"210","B.05A.1","no","Summer","Facility2","Door","Batch","Raw",3,"Yes","No","Tarp, Sealed Stone",0,"Dry","Continuous","Production","sample-288","Tarp, Sealed Stone","Weekly","Standard (30-60)","Ambient/Warm (~75-80)","Low",0,"Weekly","Chao1",7,0
"211","B.05B.1","no","Summer","Facility2","Door","Batch","Raw",3,"Yes","No","Tarp, Sealed Stone",0,"Dry","Continuous","Production","sample-289","Tarp, Sealed Stone","Weekly","Standard (30-60)","Ambient/Warm (~75-80)","Low",0,"Weekly","Chao1",1,0
"212","B.31.4","no","Spring","Facility2","Forklift/Pallet Jack","Cold Storage","Warehouse",3,"Yes","No","Metal",4400,"Dry","Continuous","Storage","sample-29","Metal","As needed",NA,NA,NA,NA,"None/as needed","Chao1",180,0
"213","B.07A.1","no","Summer","Facility2","Drain","HTST","Raw",3,"None","No","Stainless Steel",0,"Wet","Perforated","Production","sample-290","Stainless Steel","As needed",NA,NA,NA,NA,"None/as needed","Chao1",4,0
"214","B.08A.1","no","Summer","Facility2","Floor Object","HTST","Raw",3,"Yes","No","Metal",0,"Dry","Continuous","Production","sample-291","Metal","None","no data","Ambient/Warm (~75-80)","Low",0,"None","Chao1",1,0
"215","NL.01.1","yes","Summer","Facility3","Floor Object","Batch","Raw",3,"Yes","No","Metal",1500,"Dry","Continuous","Production","sample-292","Metal","Weekly","Humid(60-80)","Ambient (~70-75)","Medium",3.18,"Weekly","Chao1",21,0
"216","NL.10.1","yes","Summer","Facility3","Wall/Ceiling","UF","Post-Pasteurization ",3,"None","No","Painted cinderblock, caulk",315000,"Wet","Continuous","Production","sample-293","Caulk","None","Very Humid(>80)","Ambient (~70-75)","High",5.5,"None","Chao1",32,0
"217","NL.12.1","no","Summer","Facility3","Drain","UF","Post-Pasteurization ",3,"Yes","No","Stainless Steel",200,"Wet","Continuous","Production","sample-294","Stainless Steel","Daily",NA,NA,NA,NA,"Daily","Chao1",3,0
"218","NL.14.1","no","Summer","Facility3","Floor Object","UF","Post-Pasteurization ",3,"Yes","No","Caulk, plastic, brick",18800,"Wet","Continuous","Production","sample-295","Brick","None","Standard (30-60)","Ambient (~70-75)","Medium",4.27,"None","Chao1",47,0
"219","NL.15.1","no","Summer","Facility3","Floor Object","UF","Post-Pasteurization ",3,"Yes","No","Metal",10600,"Dry","Perforated","Production","sample-296","Metal","None","Standard (30-60)","Ambient (~70-75)","Medium",4.03,"None","Chao1",40,0
"220","NL.17.1","no","Summer","Facility3","Hose","Yogurt Room","Post-Pasteurization ",2,"Yes","No","Rubber",600,"Dry","Continuous","Production","sample-297","Rubber","None",NA,NA,NA,NA,"None","Chao1",36,0
"221","NL.02.1","yes","Summer","Facility3","Non-FPE Structure","Batch","Raw",2,"Yes","No","Metal",0,"Dry","Continuous","Production","sample-298","Metal","As needed",NA,NA,NA,NA,"None/as needed","Chao1",51,0
"222","NL.20.1","no","Summer","Facility3","Wall/Ceiling","Yogurt Room","Post-Pasteurization ",3,"Yes","No","Stainless Steel, Plastic",1.5e+07,"Dry","Continuous","Production","sample-299","Stainless Steel","None","Humid(60-80)","Cool (~60-68)","High",7.18,"None","Chao1",13,0
"223","B.13.2","no","Fall","Facility2","Floor Object","Fermentation Room","Post-Pasteurization ",3,"Yes","No","Rubber, Metal",6500000,"Dry","Continuous","Production","sample-3","Rubber, Metal","None","Standard/Dry(0-30)","Ambient (~70-75)","High",6.81,"None","Chao1",113,0
"224","B.32.4","no","Spring","Facility2","Forklift/Pallet Jack","Cold Storage","Warehouse",3,"Yes","No","Metal, plastic, rubber",9200,"Dry","Continuous","Storage","sample-30","Plastic, Metal","As needed",NA,NA,NA,NA,"None/as needed","Chao1",112,0
"225","NL.21.1","yes","Summer","Facility3","Forklift/Pallet Jack","Materials Handling","Warehouse",3,"Yes","No","Rubber, painted metal",1450,"Dry","Continuous","Materials Handling","sample-300","Rubber","As needed",NA,NA,NA,NA,"None/as needed","Chao1",70,0
"226","NL.22.1","no","Summer","Facility3","Drain","Filling","Filling",3,"Yes","No","Stainless Steel",0,"Wet","Perforated","Production","sample-301","Stainless Steel","Daily",NA,NA,NA,NA,"Daily","Chao1",57,0
"227","NL.23.1","no","Summer","Facility3","Drain","Filling","Filling",3,"None","No","Stainless Steel",250,"Wet","Perforated","Production","sample-302","Stainless Steel","Daily",NA,NA,NA,NA,"Daily","Chao1",46,0
"228","NL.24.1","no","Summer","Facility3","Conveyor","Filling","Filling",2,"None","No","Stainless Steel, rubber",1450,"Dry","Continuous","Production","sample-303","Stainless Steel, rubber","Daily",NA,NA,NA,NA,"Daily","Chao1",48,0
"229","NL.25.1","no","Summer","Facility3","Non-FPE Structure","Filling","Filling",3,"Yes","No","Stainless Steel",3850,"Dry","Continuous","Production","sample-304","Stainless Steel","Daily",NA,NA,NA,NA,"Daily","Chao1",8,0
"230","NL.26.1","no","Summer","Facility3","Drain","Filling","Filling",3,"Yes","No","Stainless Steel",1500,"Wet","Perforated","Production","sample-305","Stainless Steel","Daily",NA,NA,NA,NA,"Daily","Chao1",28,0
"231","NL.28.1","no","Summer","Facility3","Conveyor","Filling","Filling",2,"Yes","No","Stainless Steel",170000,"Dry","Continuous","Production","sample-306","Stainless Steel","Daily",NA,NA,NA,NA,"Daily","Chao1",31,0
"232","NL.03.1","yes","Summer","Facility3","Forklift/Pallet Jack","Dry Storage","Warehouse",3,"Yes","No","Metal",0,"Dry","Continuous","Storage","sample-307","Metal","As needed",NA,NA,NA,NA,"None/as needed","Chao1",71,0
"233","NL.31.1","no","Summer","Facility3","Door","Filling","Filling",3,"Yes","No","Tarp",3500,"Damp","Continuous","Production","sample-308","Plastic","None","Standard (30-60)","Ambient/Warm (~75-80)","Medium",3.54,"None","Chao1",20,0
"234","NL.32.1","no","Summer","Facility3","FPE Structure","Filling","Filling",2,"Yes","No","Stainless Steel",0,"Wet","Continuous","Production","sample-309","Stainless Steel","Daily",NA,NA,NA,NA,"Daily","Chao1",43,0
"235","B.33.2","no","Fall","Facility2","Door","Cold Storage","Warehouse",3,"Yes","No","Painted Metal",105000,"Dry","Continuous","Storage","sample-31","Metal","None","Standard/Dry(0-30)","Cold(~55-40)","High",5.02,"None","Chao1",42,0
"236","NL.33.1","no","Summer","Facility3","Door","Filling","Filling",3,"Yes","No","Tarp",300,"Damp","Continuous","Production","sample-310","Plastic","None","Standard (30-60)","Ambient/Warm (~75-80)","Low",2.48,"None","Chao1",1,0
"237","NL.35.1","no","Summer","Facility3","Door","Cold Storage","Warehouse",3,"None","No","Tarp",1.57e+08,"Dry","Continuous","Storage","sample-311","Plastic","None","Standard/Dry(0-30)","Cold(~55-40)","High",8.2,"None","Chao1",59,0
"238","NL.36.1","no","Summer","Facility3","FPE Structure","Filling","Filling",2,"None","No","Stainless Steel",4.5e+07,"Wet","Continuous","Production","sample-312","Stainless Steel","Daily",NA,NA,NA,NA,"Daily","Chao1",41,0
"239","NL.38.1","no","Summer","Facility3","FPE Structure","Filling","Filling",2,"None","No","Stainless Steel",0,"Wet","Continuous","Production","sample-313","Stainless Steel","Daily",NA,NA,NA,NA,"Daily","Chao1",36,0
"240","NL.04.1","yes","Summer","Facility3","Forklift/Pallet Jack","Dry Storage","Warehouse",3,"Yes","No","Rubber, painted metal",24100,"Dry","Continuous","Storage","sample-314","Rubber","As needed",NA,NA,NA,NA,"None/as needed","Chao1",1,0
"241","NL.40.1","no","Summer","Facility3","Drain","Filling","Filling",3,"None","No","Stainless Steel",500,"Wet","Continuous","Production","sample-315","Stainless Steel","Daily",NA,NA,NA,NA,"Daily","Chao1",49,0
"242","NL.41.1","yes","Summer","Facility3","Conveyor","Filling","Filling",2,"Yes","No","Rubber",115000,"Dry","Continuous","Production","sample-316","Rubber","Daily",NA,NA,NA,NA,"Daily","Chao1",46,0
"243","NL.42.1","yes","Summer","Facility3","Hose","Filling","Filling",2,"Yes","No","Teflon",410000,"Dry","Continuous","Production","sample-317","Plastic","None",NA,NA,NA,NA,"None","Chao1",29,0
"244","NL.44.1","yes","Summer","Facility3","Non-FPE Structure","Filling","Filling",3,"Yes","No","Spray painted wood",19000,"Dry","Grille","Production","sample-318","Wood","None",NA,NA,NA,NA,"None","Chao1",47,0.247326126331121
"245","NL.45.1","no","Summer","Facility3","Drain","Filling","Filling",3,"None","No","Stainless Steel",770000,"Wet","Perforated","Production","sample-319","Stainless Steel","Daily",NA,NA,NA,NA,"Daily","Chao1",39,0
"246","B.33.4","no","Spring","Facility2","Door","Cold Storage","Warehouse",3,"Yes","No","Painted Metal",800,"Dry","Continuous","Storage","sample-32","Metal","None","Standard/Dry(0-30)","Cold(~55-40)","Low",2.9,"None","Chao1",142,0
"247","NL.46.1","no","Summer","Facility3","Non-FPE Structure","Filling","Filling",3,"Yes","No","Spray painted wood",6750,"Wet","Grille","Production","sample-320","Wood","None",NA,NA,NA,NA,"None","Chao1",69,0
"248","NL.48.1","no","Summer","Facility3","Door","Filling","Filling",3,"Yes","No","Plastic",1400,"Dry","Continuous","Production","sample-321","Plastic","None","no data","Ambient/Warm (~75-80)","Medium",3.15,"None","Chao1",2,0
"249","NL.05.1","yes","Summer","Facility3","Cleaning Tools","Dry Storage","Warehouse",3,"Yes","No","Rubber, Metal",15200,"Dry","Continuous","Storage","sample-322","Rubber, Metal","Daily",NA,NA,NA,NA,"Daily","Chao1",1,0
"250","NL.50.1","yes","Summer","Facility3","Floor Object","Cold Storage","Warehouse",3,"Yes","No","Cement",800,"Wet","Continuous","Storage","sample-323","Cement","Daily","Standard/Dry(0-30)","Cold(~55-40)","Low",2.9,"Daily","Chao1",91,0
"251","NL.52.1","yes","Summer","Facility3","Forklift/Pallet Jack","Cold Storage","Warehouse",3,"Yes","No","Rubber, Metal",50,"Dry","Continuous","Storage","sample-324","Rubber","As needed",NA,NA,NA,NA,"None/as needed","Chao1",1,0
"252","NL.07.1","yes","Summer","Facility3","Door","Dry Storage","Warehouse",3,"Yes","No","Plastic, rubber",0,"Dry","Continuous","Storage","sample-325","Plastic, rubber","None","Humid(60-80)","Ambient/Warm (~75-80)","Low",0,"None","Chao1",62,0
"253","NL.08.1","no","Summer","Facility3","Floor Object","UF","Post-Pasteurization ",3,"Yes","No","Painted cinderblock, caulk, brick",1.88e+08,"Damp","Continuous","Production","sample-326","Brick","None","Very Humid(>80)","Ambient (~70-75)","High",8.27,"None","Chao1",57,0
"254","NL.09.1","no","Summer","Facility3","Non-FPE Structure","UF","Post-Pasteurization ",2,"None","No","Stainless Steel",975000,"Wet","Continuous","Production","sample-327","Stainless Steel","None",NA,NA,NA,NA,"None","Chao1",51,0
"255","WS.11.1","no","Summer","Facility1","Non-FPE Structure","Raw Blend","Raw",3,"Yes","No","Stainless Steel",5e+05,"Dry","Continuous","Production","sample-328","Stainless Steel","Weekly",NA,NA,NA,NA,"Weekly","Chao1",0,NA
"256","WS.12.1","no","Summer","Facility1","Fan/Vent","Raw Blend","Raw",2,"None","No","Painted Metal",200,"Dry","Grille","Production","sample-329","Metal","None","Standard (30-60)","Ambient/Warm (~75-80)","Low",2.3,"None","Chao1",3,0
"257","B.04.2","yes","Fall","Facility2","Cleaning Tools","Batch","Raw",2,"Yes","No","Rubber, Plastic",1250,"Dry","Continuous","Production","sample-33","Plastic","None",NA,NA,NA,NA,"None","Chao1",47,0
"258","WS.13.1","no","Summer","Facility1","FPE Structure","Raw Blend","Raw",2,"None","No","Stainless Steel",2.5e+07,"Damp","Continuous","Production","sample-330","Stainless Steel","Weekly",NA,NA,NA,NA,"Weekly","Chao1",0,NA
"259","WS.14.1","yes","Summer","Facility1","Floor Object","Cold Storage","Warehouse",3,"Yes","No","Metal, Sealed concrete ",18800,"Dry","Grille","Storage","sample-331","Metal, Sealed concrete ","None","no data","Cold(~55-40)","Medium",4.27,"None","Chao1",0,NA
"260","WS.16.1","yes","Summer","Facility1","Floor Object","Cold Storage","Warehouse",3,"Yes","No","Metal",2300,"Dry","Perforated","Storage","sample-332","Metal","Weekly","Humid(60-80)","Cold(~55-40)","Medium",3.36,"Weekly","Chao1",0,NA
"261","WS.20.1","yes","Summer","Facility1","Drain","Cheese Room","Post-Pasteurization ",3,"None","No","Stainless Steel",1.5e+07,"Wet","Perforated","Production","sample-333","Stainless Steel","monthly ",NA,NA,NA,NA,"monthly ","Chao1",47,0
"262","WS.21.1","no","Summer","Facility1","Door","Cheese Room","Post-Pasteurization ",3,"None","No","Plastic",1450,"Wet","Continuous","Production","sample-334","Plastic","Continuous","Humid(60-80)","Ambient/Warm (~75-80)","Medium",3.16,"Continuous","Chao1",3,0
"263","WS.24.1","yes","Summer","Facility1","Floor Object","Cheese Room","Post-Pasteurization ",3,"Yes","No","Metal",1450,"Dry","Grid","Production","sample-335","Metal","None","Standard (30-60)","Ambient/Warm (~75-80)","Medium",3.16,"None","Chao1",2,0
"264","WS.26.1","no","Summer","Facility1","Hose","Cheese Room","Post-Pasteurization ",2,"Yes","No","Rubber",1500,"Dry","Continuous","Production","sample-336","Rubber","None",NA,NA,NA,NA,"None","Chao1",1,0
"265","WS.27.1","yes","Summer","Facility1","Hose","Cheese Room","Post-Pasteurization ",2,"Yes","Yes","Metal",50000,"Dry","Continuous","Production","sample-337","Metal","None",NA,NA,NA,NA,"None","Chao1",4,0
"266","WS.29.1","no","Summer","Facility1","Floor Object","Kosher Cheese Room","Post-Pasteurization ",3,"None","No","Sealed Stone",185000,"Wet","Continuous","Production","sample-338","Sealed Stone","None/as needed","Standard (30-60)","Ambient/Warm (~75-80)","High",5.27,"None/as needed","Chao1",72,0
"267","WS.30.1","no","Summer","Facility1","Cart/Rolling Bins","Kosher Cheese Room","Post-Pasteurization ",3,"Yes","No","Rubber, Plastic",0,"Dry","Continuous","Production","sample-339","Rubber","None",NA,NA,NA,NA,"None","Chao1",0,NA
"268","B.04.4","yes","Spring","Facility2","Cleaning Tools","Batch","Raw",2,"Yes","No","Rubber, Plastic",0,"Dry","Continuous","Production","sample-34","Plastic","None",NA,NA,NA,NA,"None","Chao1",69,0
"269","WS.35.1","yes","Summer","Facility1","Drain","Cheese Room","Post-Pasteurization ",3,"Yes","No","Stainless Steel",1.57e+08,"Wet","Perforated","Production","sample-340","Stainless Steel","monthly ",NA,NA,NA,NA,"monthly ","Chao1",18,0
"270","WS.36.1","no","Summer","Facility1","Wall/Ceiling","Cheese Room","Post-Pasteurization ",3,"Yes","No","Painted Cinderblock",4.5e+07,"Dry","Continuous","Production","sample-341","Painted Cinderblock","None","Standard (30-60)","Ambient/Warm (~75-80)","High",7.65,"None","Chao1",23,0
"271","WS.39.1","yes","Summer","Facility1","Forklift/Pallet Jack","Filling","Filling",2,"Yes","No","Rubber, Metal",17900,"Dry","Continuous","Production","sample-342","Rubber, Metal","As needed",NA,NA,NA,NA,"None/as needed","Chao1",0,NA
"272","WS.43.1","yes","Summer","Facility1","Forklift/Pallet Jack","Filling","Filling",2,"None","No","Rubber, Metal",3480000,"Dry,Wet","Continuous","Production","sample-343","Rubber, Metal","As needed",NA,NA,NA,NA,"None/as needed","Chao1",0,NA
"273","WS.45.1","no","Summer","Facility1","Conveyor","Filling","Filling",2,"None","No","Plastic",770000,"Wet","Continuous","Production","sample-344","Plastic","Weekly",NA,NA,NA,NA,"Weekly","Chao1",0,NA
"274","WS.46.1","yes","Summer","Facility1","Drain","Hot Room","Warehouse",3,"Yes","No","Stainless Steel",6750,"Dry","Perforated","Storage","sample-345","Stainless Steel","monthly ",NA,NA,NA,NA,"monthly ","Chao1",0,NA
"275","WS.47.1","yes","Summer","Facility1","Door","Hot Room","Warehouse",3,"Yes","No","Metal",300,"Dry","Continuous","Storage","sample-346","Metal","None","Standard/Dry(0-30)","Hot(106.5)","Low",2.48,"None","Chao1",0,NA
"276","WS.48.1","yes","Summer","Facility1","Door","Hot Room","Warehouse",3,"Yes","No","Painted Metal, Plastic",1400,"Dry","Continuous","Storage","sample-347","Plastic, Metal","None","Standard/Dry(0-30)","Hot(106.5)","Medium",3.15,"None","Chao1",0,NA
"277","WS.49.1","yes","Summer","Facility1","Fan/Vent","Hot Room","Warehouse",3,"Yes","No","Metal",1750,"Dry","Grille","Storage","sample-348","Metal","None","Standard/Dry(0-30)","Hot(106.5)","Medium",3.24,"None","Chao1",16,0
"278","WS.05.1","no","Summer","Facility1","Forklift/Pallet Jack","Dry Storage","Warehouse",3,"Yes","No","Rubber, Metal",15200,"Dry","Continuous","Production","sample-349","Rubber, Metal","Yearly",NA,NA,NA,NA,"Yearly","Chao1",1,0
"279","B.04.3","yes","Winter","Facility2","Cleaning Tools","Batch","Raw",2,"Yes","No","Rubber, Plastic",0,"Dry","Continuous","Production","sample-35","Plastic","None",NA,NA,NA,NA,"None","Chao1",41,0
"280","WS.50.1","no","Summer","Facility1","Fan/Vent","Hot Room","Warehouse",3,"Yes","No","Painted Metal",800,"Dry","Grille","Storage","sample-350","Metal","None","Standard/Dry(0-30)","Hot(106.5)","Low",2.9,"None","Chao1",1,0
"281","WS.51.1","no","Summer","Facility1","FPE Structure","Yogurt Room","Post-Pasteurization ",2,"None","No","Stainless Steel",250000,"Wet","Continuous","Production","sample-351","Stainless Steel","Weekly",NA,NA,NA,NA,"Weekly","Chao1",7,0
"282","WS.06.1","no","Summer","Facility1","Forklift/Pallet Jack","Dry Storage","Warehouse",3,"Yes","No","Rubber, Metal",80000,"Dry","Continuous","Production","sample-352","Rubber, Metal","Yearly",NA,NA,NA,NA,"Yearly","Chao1",0,NA
"283","WS.07.1","no","Summer","Facility1","Door","Dry Storage","Warehouse",3,"Yes","No","Plastic, cement floor",0,"Dry","Continuous","Production","sample-353","Cement","Daily","Standard (30-60)","Ambient/Warm (~75-80)","Low",0,"Daily","Chao1",0,NA
"284","WS.08.1","yes","Summer","Facility1","Drain","Raw Blend","Raw",3,"None","No","Stainless Steel",1.88e+08,"Wet","Perforated","Production","sample-354","Stainless Steel","monthly ",NA,NA,NA,NA,"monthly ","Chao1",1,0
"285","WS.09.1","yes","Summer","Facility1","Hose","Raw Blend","Raw",3,"Yes","Yes","Rubber",975000,"Dry","Continuous","Production","sample-355","Rubber","Yearly",NA,NA,NA,NA,"Yearly","Chao1",41,0
"286","B.05.2","no","Fall","Facility2","Door","Batch","Raw",3,"Yes","No","Tarp, Sealed Stone",0,"Dry","Continuous","Production","sample-36","Tarp, Sealed Stone","Weekly","Standard (30-60)","Ambient (~70-75)","Low",0,"Weekly","Chao1",98,0
"287","B.06.2","no","Fall","Facility2","Floor Object","Batch","Raw",3,"None","No","Rubber",0,"Dry","Spiked","Production","sample-37","Rubber","As needed","no data","Ambient (~70-75)","Low",0,"None/as needed","Chao1",70,0
"288","B.07.2","no","Fall","Facility2","Drain","HTST","Raw",3,"Yes","No","Stainless Steel",0,"Wet","Perforated","Production","sample-38","Stainless Steel","As needed",NA,NA,NA,NA,"None/as needed","Chao1",34,0
"289","B.07.4","no","Spring","Facility2","Drain","HTST","Raw",3,"None","No","Stainless Steel",0,"Wet","Perforated","Production","sample-39","Stainless Steel","As needed",NA,NA,NA,NA,"None/as needed","Chao1",56,0
"290","B.15.2","no","Fall","Facility2","Conveyor","Filling","Filling",3,"Yes","No","Stainless Steel",10400,"Dry","Continuous","Production","sample-4","Stainless Steel","Weekly",NA,NA,NA,NA,"Weekly","Chao1",89,0
"291","B.E1.4","no","Spring","Facility2","Non-FPE Structure","Filling","Filling",3,"Yes","No","Wood",26000,"Wet","Continuous","Production","sample-40","Wood","Daily",NA,NA,NA,NA,"Daily","Chao1",65,0
"292","B.E2.4","no","Spring","Facility2","Forklift/Pallet Jack","Filling","Filling",2,"Yes","No","Rubber, Metal, Painted Metal",8000,"Dry","Continuous","Production","sample-41","Rubber, Metal",NA,NA,NA,NA,NA,NA,"Chao1",120,0
"293","B.E4.4","no","Spring","Facility2","Conveyor","Dry Storage","Warehouse",3,"Yes","No","Stainless Steel, Painted Metal",46800,"Dry","Continuous","Storage","sample-42","Stainless Steel, Painted Metal","Weekly",NA,NA,NA,NA,"Weekly","Chao1",104,0
"294","B.E5.4","no","Spring","Facility2","Door","Cold Storage","Warehouse",3,"Yes","No","Tarp, painted metal",6000,"Dry","Continuous","Storage","sample-43","Tarp, painted metal",NA,"Standard/Dry(0-30)","Cold(~55-40)","Medium",3.78,NA,"Chao1",118,0
"295","B.E6.4","no","Spring","Facility2","Non-FPE Structure","Cold Storage","Warehouse",3,"Yes","No","Wood",12800,"Damp","Continuous","Storage","sample-44","Wood","Daily",NA,NA,NA,NA,"Daily","Chao1",108,0
"296","B.E8.4","no","Spring","Facility2","Floor Object","Office","Office/Hallway",4,"Yes","No","Rubber",2400,"Dry","Spiked","Office","sample-45","Rubber","As needed",NA,NA,NA,NA,"None/as needed","Chao1",187,0
"297","NL.E10.2","no","Fall","Facility3","Drain","Receiving","Warehouse",3,"No","No","Metal",175000,"Dry","Grid","Receiving","sample-46","Metal",NA,NA,NA,NA,NA,NA,"Chao1",59,0
"298","NL.E10.3","no","Winter","Facility3","Drain","Receiving","Warehouse",3,"No","No","Metal",26400,"Dry","Grid","Receiving","sample-47","Metal",NA,NA,NA,NA,NA,NA,"Chao1",61,0
"299","NL.E11.2","no","Fall","Facility3","FPE Structure","Filling","Filling",2,"Yes","No","Stainless Steel",650,"Dry","Continuous","Production","sample-48","Stainless Steel","Daily",NA,NA,NA,NA,"Daily","Chao1",49,0
"300","NL.E12.2","no","Fall","Facility3","FPE Structure","Filling","Filling",2,"Yes","No","Stainless Steel",28500000,"Dry","Continuous","Production","sample-49","Stainless Steel","Daily",NA,NA,NA,NA,"Daily","Chao1",19,0
"301","B.15.4","no","Spring","Facility2","Conveyor","Filling","Filling",2,"Yes","No","Stainless Steel",3360000,"Dry","Continuous","Production","sample-5","Stainless Steel","Weekly",NA,NA,NA,NA,"Weekly","Chao1",61,0
"302","NL.E13.3","no","Winter","Facility3","Floor Object","Filling","Filling",3,"No","No","Tarp",680000,"Wet","Continuous","Production","sample-50","Plastic",NA,"Standard/Dry(0-30)","no data","High",5.83,NA,"Chao1",95,0
"303","B.E1.2","no","Fall","Facility2","Non-FPE Structure","Filling","Filling",3,"Yes","No","Wood",650,"Damp","Continuous","Production","sample-51","Wood","Daily",NA,NA,NA,NA,"Daily","Chao1",201,0
"304","B.E1.3","no","Winter","Facility2","Non-FPE Structure","Filling","Filling",3,"Yes","No","Wood",65600,"Wet","Continuous","Production","sample-52","Wood","Daily",NA,NA,NA,NA,"Daily","Chao1",96,0
"305","NL.E1.2","no","Fall","Facility3","Non-FPE Structure","Hallway","Office/Hallway",4,"None","No","Plastic",3e+09,"Dry","Continuous","Hallway","sample-53","Plastic",NA,NA,NA,NA,NA,NA,"Chao1",27,0
"306","B.E2.2","no","Fall","Facility2","Forklift/Pallet Jack","Filling","Filling",3,"Yes","No","Rubber, Metal, Painted Metal",5850,"Wet","Continuous","Production","sample-54","Rubber, Metal",NA,NA,NA,NA,NA,NA,"Chao1",61,0
"307","NL.E2.2","no","Fall","Facility3","Non-FPE Structure","Hallway","Office/Hallway",4,"None","No","Cardboard",50,"Dry","Continuous","Hallway","sample-55","Cardboard",NA,NA,NA,NA,NA,NA,"Chao1",58,0.247835457094225
"308","WS.E2.2","no","Fall","Facility1","Drain","Materials Handling","Warehouse",3,"Yes","No","Stainless Steel",4500000,"Dry","Perforated","Materials Handling","sample-56","Stainless Steel","monthly ",NA,NA,NA,NA,"monthly ","Chao1",60,0
"309","WS.E2.3","no","Winter","Facility1","Drain","Materials Handling","Warehouse",3,"Yes","No","Stainless Steel",8720000,"Dry","Perforated","Materials Handling","sample-57","Stainless Steel","monthly ",NA,NA,NA,NA,"monthly ","Chao1",111,0
"310","B.E3.2","no","Fall","Facility2","Non-FPE Structure","Filling","Filling",3,"Yes","No","Stainless Steel",4350,"Dry","Continuous","Production","sample-58","Stainless Steel",NA,NA,NA,NA,NA,NA,"Chao1",142,0
"311","WS.E3.2","no","Fall","Facility1","Drain","Cold Storage","Warehouse",3,"Yes","No","Stainless Steel",4500000,"Dry","Continuous","Materials Handling","sample-59","Stainless Steel",NA,NA,NA,NA,NA,NA,"Chao1",60,0
"312","B.16.2","no","Fall","Facility2","Wall/Ceiling","Filling","Filling",3,"Yes","No","Painted Metal, Sealed Stone, Caulk",3150,"Damp","Continuous","Production","sample-6","Metal","Weekly","Standard (30-60)","Ambient (~70-75)","Medium",3.5,"Weekly","Chao1",69,0
"313","B.E4.2","no","Fall","Facility2","Conveyor","Dry Storage","Warehouse",3,"Yes","No","Stainless Steel, Painted Metal",550,"Dry","Continuous","Storage","sample-60","Stainless Steel, Painted Metal","Weekly",NA,NA,NA,NA,"Weekly","Chao1",148,0
"314","NL.E4.2","no","Fall","Facility3","Non-FPE Structure","Filling","Filling",3,"No","No",NA,2.5e+09,"Dry","Continuous","Production","sample-61",NA,NA,NA,NA,NA,NA,NA,"Chao1",54,0
"315","WS.E4.2","no","Fall","Facility1","Conveyor","Cold Storage","Warehouse",3,"Yes","No","Stainless Steel",350,"Dry","Continuous","Storage","sample-62","Stainless Steel","Weekly",NA,NA,NA,NA,"Weekly","Chao1",64,0
"316","WS.E4.3","no","Winter","Facility1","Conveyor","Cold Storage","Warehouse",3,"Yes","No","Stainless Steel",80000,"Dry","Continuous","Storage","sample-63","Stainless Steel","Weekly",NA,NA,NA,NA,"Weekly","Chao1",132,0
"317","B.E5.2","no","Fall","Facility2","Door","Cold Storage","Warehouse",3,"Yes","No","Tarp, painted metal",1900,"Grime","Continuous","Storage","sample-64","Tarp, painted metal",NA,"Standard/Dry(0-30)","Cold(~55-40)","Medium",3.28,NA,"Chao1",88,0.497150973959713
"318","NL.E5.2","no","Fall","Facility3","Non-FPE Structure","Filling","Filling",3,"No","No","Cardboard",130000,"Dry","Continuous","Production","sample-65","Cardboard",NA,NA,NA,NA,NA,NA,"Chao1",71,0
"319","WS.E5.2","no","Fall","Facility1","Conveyor","Cold Storage","Warehouse",3,"Yes","No","Painted Metal",16600,"Dry","Continuous","Storage","sample-66","Metal","Weekly",NA,NA,NA,NA,"Weekly","Chao1",77,0
"320","WS.E5.3","no","Winter","Facility1","Conveyor","Cold Storage","Warehouse",3,"Yes","No","Painted Metal",15200,"Dry","Continuous","Storage","sample-67","Metal","Weekly",NA,NA,NA,NA,"Weekly","Chao1",175,0
"321","B.E6.2","no","Fall","Facility2","Non-FPE Structure","Cold Storage","Warehouse",3,"Yes","No","Wood",750,"Damp","Continuous","Storage","sample-68","Wood","Daily",NA,NA,NA,NA,"Daily","Chao1",131,0
"322","WS.E6.2","no","Fall","Facility1","Floor Object","Hallway","Office/Hallway",4,"Yes","No","Cement floor, painted cinderblock wall",2850,"Dry","Continuous","Hallway","sample-69","Cement floor, painted cinderblock wall","None/as needed",NA,NA,NA,NA,"None/as needed","Chao1",110,0
"323","B.16.4","no","Spring","Facility2","Wall/Ceiling","Filling","Filling",3,"Yes","No","Painted Metal, Sealed Stone, Caulk",1200,"Wet","Continuous","Production","sample-7","Painted Metal, Sealed Stone, Caulk","Weekly","Standard (30-60)","Cool (~60-68)","Medium",3.08,"Weekly","Chao1",63,0
"324","WS.E6.3","no","Winter","Facility1","Floor Object","Hallway","Office/Hallway",4,"Yes","No","Cement floor, painted cinderblock wall",2000,"Dry","Continuous","Hallway","sample-70","Cement floor, painted cinderblock wall","None/as needed",NA,NA,NA,NA,"None/as needed","Chao1",179,0
"325","B.E7.2","no","Fall","Facility2","Floor Object","Cold Storage","Warehouse",3,"Yes","No","Metal",200,"Dry","Continuous","Storage","sample-71","Metal",NA,"Standard/Dry(0-30)","Cold(~55-40)","Low",2.3,NA,"Chao1",87,0
"326","WS.E7.3","no","Winter","Facility1","Floor Object","Batch","Raw",3,"Yes","No","Sealed Stone",3600000,"Dry","Continuous","Production","sample-72","Sealed Stone","None/as needed","Standard (30-60)","Cool (~60-68)","High",6.56,"None/as needed","Chao1",62,0
"327","B.E8.2","no","Fall","Facility2","Floor Object","Office","Office/Hallway",4,"Yes","No","Rubber",1450,"Dry","Spiked","Office","sample-73","Rubber","As needed",NA,NA,NA,NA,"None/as needed","Chao1",207,0
"328","NL.E8.2","no","Fall","Facility3","Wall/Ceiling","Cold Storage","Warehouse",3,"Yes","No","Cincerblock, cement, wood",220000,"Dry","Continuous","Storage","sample-74","Cincerblock, cement, wood",NA,"Standard/Dry(0-30)","Cold(~55-40)","High",5.34,NA,"Chao1",57,0
"329","NL.E8.3","no","Winter","Facility3","Wall/Ceiling","Cold Storage","Warehouse",3,"Yes","No","Cincerblock, cement, wood",62000,"Dry","Continuous","Storage","sample-75","Cincerblock, cement, wood",NA,"Standard/Dry(0-30)","Cold(~55-40)","Medium",4.79,NA,"Chao1",142,0
"330","NL.E9.2","no","Fall","Facility3","Floor Object","Receiving","Warehouse",3,"Yes","No","Diamond Rough Metal",70000,"Dry","Continuous","Receiving","sample-76","Metal",NA,"Standard/Dry(0-30)","Cold(~55-40)","Medium",4.85,NA,"Chao1",15,0
"331","NL.E9.3","no","Winter","Facility3","Floor Object","Receiving","Warehouse",3,"Yes","No","Diamond Rough Metal",48000,"Dry","Continuous","Receiving","sample-77","Metal",NA,"Standard/Dry(0-30)","no data","Medium",4.68,NA,"Chao1",51,0
"332","NL.01.2","yes","Fall","Facility3","Floor Object","Batch","Raw",3,"Yes","No","Metal",36600,"Dry","Continuous","Production","sample-78","Metal","Weekly","Humid(60-80)","Ambient (~70-75)","Medium",4.56,"Weekly","Chao1",65,0
"333","NL.01.4","yes","Spring","Facility3","Floor Object","Batch","Raw",3,"Yes","No","Metal",5600,"Dry","Continuous","Production","sample-79","Metal","Weekly","Humid(60-80)","Cool (~60-68)","Medium",3.75,"Weekly","Chao1",49,0
"334","B.17.2","yes","Fall","Facility2","Conveyor","Filling","Filling",2,"Yes","No","Rubber",2050,"Dry","Continuous","Production","sample-8","Rubber","Weekly",NA,NA,NA,NA,"Weekly","Chao1",70,0
"335","NL.01.3","yes","Winter","Facility3","Floor Object","Batch","Raw",3,"Yes","No","Metal",253000,"Dry","Continuous","Production","sample-80","Metal","Weekly","Humid(60-80)","Cool (~60-68)","High",5.4,"Weekly","Chao1",34,0
"336","NL.10.2","yes","Fall","Facility3","Wall/Ceiling","UF","Post-Pasteurization ",3,"None","No","Painted cinderblock, caulk",0,"Wet","Continuous","Production","sample-81","Caulk","None","Very Humid(>80)","warm (~80-90)","Low",0,"None","Chao1",29,0
"337","NL.10.4","yes","Spring","Facility3","Wall/Ceiling","UF","Post-Pasteurization ",3,"None","No","Painted cinderblock, caulk",1200,"Dry","Continuous","Production","sample-82","Caulk","None","Very Humid(>80)","Ambient (~70-75)","Medium",3.08,"None","Chao1",47,0
"338","NL.10.3","yes","Winter","Facility3","Wall/Ceiling","UF","Post-Pasteurization ",3,"None","No","Painted cinderblock, caulk",5600,"Dry","Continuous","Production","sample-83","Caulk","None","Very Humid(>80)","no data","Medium",3.75,"None","Chao1",19,0
"339","NL.11.2","no","Fall","Facility3","Cart/Rolling Bins","UF","Post-Pasteurization ",3,"Yes","No","Rubber, Metal",0,"Dry","Continuous","Production","sample-84","Rubber","None",NA,NA,NA,NA,"None","Chao1",53,0
"340","NL.11.3","no","Winter","Facility3","Cart/Rolling Bins","UF","Post-Pasteurization ",3,"Yes","No","Rubber, Metal",12700000,"Dry","Continuous","Production","sample-85","Rubber","None",NA,NA,NA,NA,"None","Chao1",101,0
"341","NL.12.4","no","Spring","Facility3","Drain","UF","Post-Pasteurization ",3,"Yes","No","Stainless Steel",58000,"Wet","Continuous","Production","sample-86","Stainless Steel","Daily",NA,NA,NA,NA,"Daily","Chao1",50,0
"342","NL.12.3","no","Winter","Facility3","Drain","UF","Post-Pasteurization ",3,"Yes","No","Stainless Steel",6240000,"Wet","Continuous","Production","sample-87","Stainless Steel","Daily",NA,NA,NA,NA,"Daily","Chao1",28,0
"343","NL.13.2","no","Fall","Facility3","Drain","UF","Post-Pasteurization ",3,"None","No","Stainless Steel",350,"Wet","Perforated","Production","sample-88","Stainless Steel","Daily",NA,NA,NA,NA,"Daily","Chao1",21,0
"344","NL.13.4","no","Spring","Facility3","Drain","UF","Post-Pasteurization ",3,"None","No","Stainless Steel",86400,"Wet","Perforated","Production","sample-89","Stainless Steel","Daily",NA,NA,NA,NA,"Daily","Chao1",68,0
"345","B.17.4","yes","Spring","Facility2","Conveyor","Filling","Filling",2,"Yes","No","Rubber",1480000,"Dry","Continuous","Production","sample-9","Rubber","Weekly",NA,NA,NA,NA,"Weekly","Chao1",33,0
"346","NL.13.3","no","Winter","Facility3","Drain","UF","Post-Pasteurization ",3,"None","No","Stainless Steel",149000,"Wet","Perforated","Production","sample-90","Stainless Steel","Daily",NA,NA,NA,NA,"Daily","Chao1",36,0
"347","NL.14.2","no","Fall","Facility3","Floor Object","UF","Post-Pasteurization ",3,"None","No","Caulk, plastic, brick",450,"Dry","Continuous","Production","sample-91","Brick","None","Standard (30-60)","Ambient (~70-75)","Low",2.65,"None","Chao1",93,0
"348","NL.14.4","no","Spring","Facility3","Floor Object","UF","Post-Pasteurization ",3,"None","No","Caulk, plastic, brick",5.6e+07,"Dry","Continuous","Production","sample-92","Brick","None","Standard (30-60)","Cool (~60-68)","High",7.75,"None","Chao1",79,0
"349","NL.15.4","no","Spring","Facility3","Floor Object","UF","Post-Pasteurization ",3,"None","No","Metal",0,"Dry","Perforated","Production","sample-93","Metal","None","Standard (30-60)","Cool (~60-68)","Low",0,"None","Chao1",119,0
"350","NL.17.2","no","Fall","Facility3","Hose","Yogurt Room","Post-Pasteurization ",2,"Yes","No","Rubber",450,"Dry","Continuous","Production","sample-94","Rubber","None",NA,NA,NA,NA,"None","Chao1",43,0
"351","NL.17.4","no","Spring","Facility3","Hose","Yogurt Room","Post-Pasteurization ",2,"Yes","No","Rubber",800,"Dry","Continuous","Production","sample-95","Rubber","None",NA,NA,NA,NA,"None","Chao1",41,0
"352","NL.02.2","yes","Fall","Facility3","Non-FPE Structure","Batch","Raw",3,"Yes","No","Metal",600,"Dry","Continuous","Production","sample-96","Metal","As needed",NA,NA,NA,NA,"None/as needed","Chao1",44,0
"353","NL.02.4","yes","Spring","Facility3","Non-FPE Structure","Batch","Raw",2,"Yes","No","Metal",69600,"Dry","Continuous","Production","sample-97","Metal","As needed",NA,NA,NA,NA,"None/as needed","Chao1",48,0
"354","NL.02.3","yes","Winter","Facility3","Non-FPE Structure","Batch","Raw",3,"Yes","No","Metal",36000,"Dry","Continuous","Production","sample-98","Metal","As needed",NA,NA,NA,NA,"None/as needed","Chao1",18,0
"355","NL.21.2","yes","Fall","Facility3","Forklift/Pallet Jack","Materials Handling","Warehouse",3,"Yes","No","Rubber, painted metal",100,"Dry","Continuous","Materials Handling","sample-99","Rubber","As needed",NA,NA,NA,NA,"None/as needed","Chao1",68,0
