sample.id,Location.Sample.Date,compre_keep,Season,Facility,Object,Room,RoomType,Risk,Soil,Touch,Material,YM,Moisture,Continuity,Area,samples,Mat_cat,Freq_cat
sample-1,B.01.2,no,Fall,Facility2,Drain,Batch,Raw,3,Yes,No,Stainless Steel,55400,Wet,Perforated,Production,sample-1,Stainless Steel,Weekly
sample-284,B.03A.1,no,Summer,Facility2,Hose,Batch,Raw,2,Yes,Yes,"Plastic, Metal",5350,Dry,Continuous,Production,sample-284,"Plastic, Metal",None
sample-285,B.03B.1,no,Summer,Facility2,Hose,Batch,Raw,3,Yes,Yes,"Plastic, Metal",16200,Dry,Continuous,Production,sample-285,"Plastic, Metal",None
sample-33,B.04.2,yes,Fall,Facility2,Cleaning Tools,Batch,Raw,2,Yes,No,"Rubber, Plastic",1250,Dry,Continuous,Production,sample-33,Plastic,None
sample-35,B.04.3,yes,Winter,Facility2,Cleaning Tools,Batch,Raw,2,Yes,No,"Rubber, Plastic",0,Dry,Continuous,Production,sample-35,Plastic,None
sample-34,B.04.4,yes,Spring,Facility2,Cleaning Tools,Batch,Raw,2,Yes,No,"Rubber, Plastic",0,Dry,Continuous,Production,sample-34,Plastic,None
sample-286,B.04A.1,yes,Summer,Facility2,Cleaning Tools,Batch,Raw,2,Yes,No,"Rubber, Plastic",0,Dry,Continuous,Production,sample-286,Plastic,None
sample-287,B.04B.1,yes,Summer,Facility2,Cleaning Tools,Batch,Raw,2,Yes,No,"Rubber, Plastic",0,Dry,Continuous,Production,sample-287,Plastic,None
sample-36,B.05.2,no,Fall,Facility2,Door,Batch,Raw,3,Yes,No,"Tarp, Sealed Stone",0,Dry,Continuous,Production,sample-36,"Tarp, Sealed Stone",Weekly
sample-288,B.05A.1,no,Summer,Facility2,Door,Batch,Raw,3,Yes,No,"Tarp, Sealed Stone",0,Dry,Continuous,Production,sample-288,"Tarp, Sealed Stone",Weekly
sample-289,B.05B.1,no,Summer,Facility2,Door,Batch,Raw,3,Yes,No,"Tarp, Sealed Stone",0,Dry,Continuous,Production,sample-289,"Tarp, Sealed Stone",Weekly
sample-37,B.06.2,no,Fall,Facility2,Floor Object,Batch,Raw,3,None,No,Rubber,0,Dry,Spiked,Production,sample-37,Rubber,As needed
sample-38,B.07.2,no,Fall,Facility2,Drain,HTST,Raw,3,Yes,No,Stainless Steel,0,Wet,Perforated,Production,sample-38,Stainless Steel,As needed
sample-39,B.07.4,no,Spring,Facility2,Drain,HTST,Raw,3,None,No,Stainless Steel,0,Wet,Perforated,Production,sample-39,Stainless Steel,As needed
sample-290,B.07A.1,no,Summer,Facility2,Drain,HTST,Raw,3,None,No,Stainless Steel,0,Wet,Perforated,Production,sample-290,Stainless Steel,As needed
sample-291,B.08A.1,no,Summer,Facility2,Floor Object,HTST,Raw,3,Yes,No,Metal,0,Dry,Continuous,Production,sample-291,Metal,None
sample-252,B.10B.1,no,Summer,Facility2,Cleaning Tools,HTST,Raw,3,Yes,No,Plastic,0,Dry,Continuous,Production,sample-252,Plastic,None
sample-2,B.12.3,no,Winter,Facility2,Door,HTST,Raw,3,Yes,No,"Rubber, Metal",0,Wet,Continuous,Production,sample-2,"Rubber, Metal",Weekly
sample-3,B.13.2,no,Fall,Facility2,Floor Object,Fermentation Room,Post-Pasteurization ,3,Yes,No,"Rubber, Metal",6500000,Dry,Continuous,Production,sample-3,"Rubber, Metal",None
sample-253,B.13A.1,no,Summer,Facility2,Floor Object,Fermentation Room,Post-Pasteurization ,3,Yes,No,"Rubber, Metal",1050,Dry,Continuous,Production,sample-253,"Rubber, Metal",None
sample-254,B.13B.1,no,Summer,Facility2,Floor Object,Fermentation Room,Post-Pasteurization ,3,Yes,No,"Rubber, Metal",100000,Dry,Continuous,Production,sample-254,"Rubber, Metal",None
sample-255,B.14B.1,no,Summer,Facility2,FPE Structure,Fermentation Room,Post-Pasteurization ,2,Yes,No,Stainless Steel,0,Dry,Continuous,Production,sample-255,Stainless Steel,Weekly
sample-4,B.15.2,no,Fall,Facility2,Conveyor,Filling,Filling,3,Yes,No,Stainless Steel,10400,Dry,Continuous,Production,sample-4,Stainless Steel,Weekly
sample-5,B.15.4,no,Spring,Facility2,Conveyor,Filling,Filling,2,Yes,No,Stainless Steel,3360000,Dry,Continuous,Production,sample-5,Stainless Steel,Weekly
sample-256,B.15A.1,no,Summer,Facility2,Conveyor,Filling,Filling,2,Yes,No,Stainless Steel,770000,Dry,Continuous,Production,sample-256,Stainless Steel,Weekly
sample-257,B.15B.1,no,Summer,Facility2,Conveyor,Filling,Filling,2,Yes,No,Stainless Steel,35000,Dry,Continuous,Production,sample-257,Stainless Steel,Weekly
sample-6,B.16.2,no,Fall,Facility2,Wall/Ceiling,Filling,Filling,3,Yes,No,"Painted Metal, Sealed Stone, Caulk",3150,Damp,Continuous,Production,sample-6,Metal,Weekly
sample-7,B.16.4,no,Spring,Facility2,Wall/Ceiling,Filling,Filling,3,Yes,No,"Painted Metal, Sealed Stone, Caulk",1200,Wet,Continuous,Production,sample-7,"Painted Metal, Sealed Stone, Caulk",Weekly
sample-258,B.16A.1,no,Summer,Facility2,Wall/Ceiling,Filling,Filling,3,Yes,No,"Painted Metal, Sealed Stone, Caulk",1400,Damp,Continuous,Production,sample-258,"Painted Metal, Sealed Stone, Caulk",Weekly
sample-259,B.16B.1,no,Summer,Facility2,Wall/Ceiling,Filling,Filling,3,Yes,No,"Painted Metal, Sealed Stone, Caulk",700,Damp,Continuous,Production,sample-259,"Painted Metal, Sealed Stone, Caulk",Weekly
sample-8,B.17.2,yes,Fall,Facility2,Conveyor,Filling,Filling,2,Yes,No,Rubber,2050,Dry,Continuous,Production,sample-8,Rubber,Weekly
sample-10,B.17.3,yes,Winter,Facility2,Conveyor,Filling,Filling,2,Yes,No,Rubber,132000,Damp,Continuous,Production,sample-10,Rubber,Weekly
sample-9,B.17.4,yes,Spring,Facility2,Conveyor,Filling,Filling,2,Yes,No,Rubber,1480000,Dry,Continuous,Production,sample-9,Rubber,Weekly
sample-260,B.17A.1,yes,Summer,Facility2,Conveyor,Filling,Filling,2,Yes,No,Rubber,50000,Dry,Continuous,Production,sample-260,Rubber,Weekly
sample-261,B.17B.1,yes,Summer,Facility2,Conveyor,Filling,Filling,2,Yes,No,Rubber,51800,Dry,Continuous,Production,sample-261,Rubber,Weekly
sample-11,B.18.4,no,Spring,Facility2,Wall/Ceiling,Filling,Filling,3,Yes,No,"Painted Metal, Sealed Stone, Caulk",9600,Dry,Continuous,Production,sample-11,"Painted Metal, Sealed Stone, Caulk",Weekly
sample-262,B.18A.1,no,Summer,Facility2,Wall/Ceiling,Filling,Filling,3,Yes,No,"Painted Metal, Sealed Stone, Caulk",8000000,Dry,Continuous,Production,sample-262,"Painted Metal, Sealed Stone, Caulk",Weekly
sample-263,B.18B.1,no,Summer,Facility2,Wall/Ceiling,Filling,Filling,3,Yes,No,"Painted Metal, Sealed Stone, Caulk",50000,Dry,Continuous,Production,sample-263,"Painted Metal, Sealed Stone, Caulk",Weekly
sample-264,B.19A.1,no,Summer,Facility2,Cart/Rolling Bins,Filling,Filling,3,Yes,No,"Rubber, Metal",180000,Dry,Continuous,Production,sample-264,Rubber,Daily
sample-12,B.20.2,no,Fall,Facility2,Non-FPE Structure,Filling,Filling,3,Yes,No,Stainless Steel,0,Dry,Continuous,Production,sample-12,Stainless Steel,None
sample-265,B.20A.1,no,Summer,Facility2,Non-FPE Structure,Filling,Filling,3,Yes,No,Stainless Steel,850,Dry,Continuous,Production,sample-265,Stainless Steel,None
sample-13,B.21.2,no,Fall,Facility2,Drain,Filling,Filling,3,Yes,No,Stainless Steel,530000,Wet,Continuous,Production,sample-13,Stainless Steel,As needed
sample-266,B.21A.1,no,Summer,Facility2,Drain,Filling,Filling,3,Yes,No,Stainless Steel,10300000,Wet,Continuous,Production,sample-266,Stainless Steel,As needed
sample-267,B.21B.1,no,Summer,Facility2,Drain,Filling,Filling,3,Yes,No,Stainless Steel,50000,Wet,Perforated,Production,sample-267,Stainless Steel,As needed
sample-14,B.22.2,no,Fall,Facility2,Non-FPE Structure,Filling,Filling,3,None,No,Metal,145000,Wet,Continuous,Production,sample-14,Metal,Daily
sample-15,B.22.4,no,Spring,Facility2,Non-FPE Structure,Filling,Filling,3,None,No,Metal,460000000,Wet,Continuous,Production,sample-15,Metal,Daily
sample-16,B.25.2,no,Fall,Facility2,Fan/Vent,Dry Storage,Warehouse,3,Yes,No,Metal,150,Dry,Grille,Storage,sample-16,Metal,As needed
sample-17,B.25.4,no,Spring,Facility2,Fan/Vent,Dry Storage,Warehouse,3,Yes,No,Metal,2800,Dry,Grille,Storage,sample-17,Metal,As needed
sample-268,B.25B.1,no,Summer,Facility2,Fan/Vent,Dry Storage,Warehouse,3,Yes,No,Metal,300,Dry,Grille,Storage,sample-268,Metal,As needed
sample-18,B.26.2,no,Fall,Facility2,Door,Dry Storage,Warehouse,3,Yes,No,Metal,2450,Dry,Continuous,Storage,sample-18,Metal,As needed
sample-19,B.26.4,no,Spring,Facility2,Door,Dry Storage,Warehouse,3,Yes,No,Metal,400,Dry,Continuous,Storage,sample-19,Metal,As needed
sample-269,B.26A.1,no,Summer,Facility2,Door,Dry Storage,Warehouse,3,Yes,No,Metal,4800,Dry,Continuous,Storage,sample-269,Metal,As needed
sample-270,B.26B.1,no,Summer,Facility2,Door,Dry Storage,Warehouse,3,Yes,No,Metal,850,Dry,Continuous,Storage,sample-270,Metal,As needed
sample-20,B.27.2,yes,Fall,Facility2,Forklift/Pallet Jack,Dry Storage,Warehouse,3,Yes,No,Metal,13400,Dry,Continuous,Storage,sample-20,Metal,As needed
sample-22,B.27.3,yes,Winter,Facility2,Forklift/Pallet Jack,Dry Storage,Warehouse,3,Yes,No,Metal,5600,Dry,Continuous,Storage,sample-22,Metal,As needed
sample-21,B.27.4,yes,Spring,Facility2,Forklift/Pallet Jack,Dry Storage,Warehouse,3,Yes,No,Metal,4000,Dry,Continuous,Storage,sample-21,Metal,As needed
sample-271,B.27A.1,yes,Summer,Facility2,Forklift/Pallet Jack,Dry Storage,Warehouse,3,Yes,No,Metal,45400,Dry,Continuous,Storage,sample-271,Metal,As needed
sample-272,B.27B.1,yes,Summer,Facility2,Forklift/Pallet Jack,Dry Storage,Warehouse,3,Yes,No,Metal,30000,Dry,Continuous,Storage,sample-272,Metal,As needed
sample-23,B.28.2,no,Fall,Facility2,Floor Object,Dry Storage,Warehouse,3,Yes,No,Painted Metal,1900,Dry,Continuous,Storage,sample-23,Metal,As needed
sample-24,B.28.4,no,Spring,Facility2,Floor Object,Dry Storage,Warehouse,3,Yes,No,Painted Metal,4400,Dry,Continuous,Storage,sample-24,Metal,As needed
sample-273,B.28A.1,no,Summer,Facility2,Floor Object,Dry Storage,Warehouse,3,Yes,No,Painted Metal,450,Dry,Continuous,Storage,sample-273,Metal,As needed
sample-274,B.28B.1,no,Summer,Facility2,Floor Object,Dry Storage,Warehouse,3,Yes,No,Painted Metal,850,Dry,Continuous,Storage,sample-274,Metal,As needed
sample-25,B.29.4,no,Spring,Facility2,Cleaning Tools,Materials Handling,Warehouse,3,Yes,No,Plastic,2400,Dry,Spiked,Materials Handling,sample-25,Plastic,None
sample-275,B.29A.1,no,Summer,Facility2,Cleaning Tools,Materials Handling,Warehouse,3,Yes,No,Plastic,350,Dry,Spiked,Materials Handling,sample-275,Plastic,None
sample-276,B.29B.1,no,Summer,Facility2,Cleaning Tools,Materials Handling,Warehouse,3,Yes,No,Plastic,2750,Dry,Spiked,Materials Handling,sample-276,Plastic,None
sample-26,B.30.2,no,Fall,Facility2,Non-FPE Structure,Materials Handling,Warehouse,3,Yes,No,Stainless Steel,405000,Dry,Continuous,Materials Handling,sample-26,Stainless Steel,None
sample-27,B.30.4,no,Spring,Facility2,Non-FPE Structure,Materials Handling,Warehouse,3,Yes,No,Stainless Steel,2120000,Dry,Continuous,Materials Handling,sample-27,Stainless Steel,None
sample-277,B.30A.1,no,Summer,Facility2,Non-FPE Structure,Materials Handling,Warehouse,3,Yes,No,Stainless Steel,610000,Dry,Continuous,Materials Handling,sample-277,Stainless Steel,None
sample-278,B.30B.1,no,Summer,Facility2,Non-FPE Structure,Materials Handling,Warehouse,3,Yes,No,Stainless Steel,10000,Dry,Continuous,Materials Handling,sample-278,Stainless Steel,None
sample-28,B.31.2,no,Fall,Facility2,Forklift/Pallet Jack,Cold Storage,Warehouse,3,Yes,No,Metal,4400,Dry,Continuous,Storage,sample-28,Metal,As needed
sample-29,B.31.4,no,Spring,Facility2,Forklift/Pallet Jack,Cold Storage,Warehouse,3,Yes,No,Metal,4400,Dry,Continuous,Storage,sample-29,Metal,As needed
sample-279,B.31A.1,no,Summer,Facility2,Forklift/Pallet Jack,Cold Storage,Warehouse,3,Yes,No,Metal,1650,Dry,Continuous,Storage,sample-279,Metal,As needed
sample-280,B.31B.1,no,Summer,Facility2,Forklift/Pallet Jack,Cold Storage,Warehouse,3,Yes,No,Metal,2800,Dry,Continuous,Storage,sample-280,Metal,As needed
sample-30,B.32.4,no,Spring,Facility2,Forklift/Pallet Jack,Cold Storage,Warehouse,3,Yes,No,"Metal, plastic, rubber",9200,Dry,Continuous,Storage,sample-30,"Plastic, Metal",As needed
sample-281,B.32B.1,no,Summer,Facility2,Forklift/Pallet Jack,Cold Storage,Warehouse,3,Yes,No,"Metal, plastic, rubber",50,Dry,Continuous,Storage,sample-281,"Plastic, Metal",As needed
sample-31,B.33.2,no,Fall,Facility2,Door,Cold Storage,Warehouse,3,Yes,No,Painted Metal,105000,Dry,Continuous,Storage,sample-31,Metal,None
sample-32,B.33.4,no,Spring,Facility2,Door,Cold Storage,Warehouse,3,Yes,No,Painted Metal,800,Dry,Continuous,Storage,sample-32,Metal,None
sample-282,B.33A.1,no,Summer,Facility2,Door,Cold Storage,Warehouse,3,Yes,No,Painted Metal,0,Dry,Continuous,Storage,sample-282,Metal,None
sample-283,B.33B.1,no,Summer,Facility2,Door,Cold Storage,Warehouse,3,Yes,No,Painted Metal,5000,Dry,Continuous,Storage,sample-283,Metal,None
sample-51,B.E1.2,no,Fall,Facility2,Non-FPE Structure,Filling,Filling,3,Yes,No,Wood,650,Damp,Continuous,Production,sample-51,Wood,Daily
sample-52,B.E1.3,no,Winter,Facility2,Non-FPE Structure,Filling,Filling,3,Yes,No,Wood,65600,Wet,Continuous,Production,sample-52,Wood,Daily
sample-40,B.E1.4,no,Spring,Facility2,Non-FPE Structure,Filling,Filling,3,Yes,No,Wood,26000,Wet,Continuous,Production,sample-40,Wood,Daily
sample-54,B.E2.2,no,Fall,Facility2,Forklift/Pallet Jack,Filling,Filling,3,Yes,No,"Rubber, Metal, Painted Metal",5850,Wet,Continuous,Production,sample-54,"Rubber, Metal",NA
sample-41,B.E2.4,no,Spring,Facility2,Forklift/Pallet Jack,Filling,Filling,2,Yes,No,"Rubber, Metal, Painted Metal",8000,Dry,Continuous,Production,sample-41,"Rubber, Metal",NA
sample-58,B.E3.2,no,Fall,Facility2,Non-FPE Structure,Filling,Filling,3,Yes,No,Stainless Steel,4350,Dry,Continuous,Production,sample-58,Stainless Steel,NA
sample-60,B.E4.2,no,Fall,Facility2,Conveyor,Dry Storage,Warehouse,3,Yes,No,"Stainless Steel, Painted Metal",550,Dry,Continuous,Storage,sample-60,"Stainless Steel, Painted Metal",Weekly
sample-42,B.E4.4,no,Spring,Facility2,Conveyor,Dry Storage,Warehouse,3,Yes,No,"Stainless Steel, Painted Metal",46800,Dry,Continuous,Storage,sample-42,"Stainless Steel, Painted Metal",Weekly
sample-64,B.E5.2,no,Fall,Facility2,Door,Cold Storage,Warehouse,3,Yes,No,"Tarp, painted metal",1900,Grime,Continuous,Storage,sample-64,"Tarp, painted metal",NA
sample-43,B.E5.4,no,Spring,Facility2,Door,Cold Storage,Warehouse,3,Yes,No,"Tarp, painted metal",6000,Dry,Continuous,Storage,sample-43,"Tarp, painted metal",NA
sample-68,B.E6.2,no,Fall,Facility2,Non-FPE Structure,Cold Storage,Warehouse,3,Yes,No,Wood,750,Damp,Continuous,Storage,sample-68,Wood,Daily
sample-44,B.E6.4,no,Spring,Facility2,Non-FPE Structure,Cold Storage,Warehouse,3,Yes,No,Wood,12800,Damp,Continuous,Storage,sample-44,Wood,Daily
sample-71,B.E7.2,no,Fall,Facility2,Floor Object,Cold Storage,Warehouse,3,Yes,No,Metal,200,Dry,Continuous,Storage,sample-71,Metal,NA
sample-73,B.E8.2,no,Fall,Facility2,Floor Object,Office,Office/Hallway,4,Yes,No,Rubber,1450,Dry,Spiked,Office,sample-73,Rubber,As needed
sample-45,B.E8.4,no,Spring,Facility2,Floor Object,Office,Office/Hallway,4,Yes,No,Rubber,2400,Dry,Spiked,Office,sample-45,Rubber,As needed
sample-292,NL.01.1,yes,Summer,Facility3,Floor Object,Batch,Raw,3,Yes,No,Metal,1500,Dry,Continuous,Production,sample-292,Metal,Weekly
sample-78,NL.01.2,yes,Fall,Facility3,Floor Object,Batch,Raw,3,Yes,No,Metal,36600,Dry,Continuous,Production,sample-78,Metal,Weekly
sample-80,NL.01.3,yes,Winter,Facility3,Floor Object,Batch,Raw,3,Yes,No,Metal,253000,Dry,Continuous,Production,sample-80,Metal,Weekly
sample-79,NL.01.4,yes,Spring,Facility3,Floor Object,Batch,Raw,3,Yes,No,Metal,5600,Dry,Continuous,Production,sample-79,Metal,Weekly
sample-298,NL.02.1,yes,Summer,Facility3,Non-FPE Structure,Batch,Raw,2,Yes,No,Metal,0,Dry,Continuous,Production,sample-298,Metal,As needed
sample-96,NL.02.2,yes,Fall,Facility3,Non-FPE Structure,Batch,Raw,3,Yes,No,Metal,600,Dry,Continuous,Production,sample-96,Metal,As needed
sample-98,NL.02.3,yes,Winter,Facility3,Non-FPE Structure,Batch,Raw,3,Yes,No,Metal,36000,Dry,Continuous,Production,sample-98,Metal,As needed
sample-97,NL.02.4,yes,Spring,Facility3,Non-FPE Structure,Batch,Raw,2,Yes,No,Metal,69600,Dry,Continuous,Production,sample-97,Metal,As needed
sample-307,NL.03.1,yes,Summer,Facility3,Forklift/Pallet Jack,Dry Storage,Warehouse,3,Yes,No,Metal,0,Dry,Continuous,Storage,sample-307,Metal,As needed
sample-106,NL.03.2,yes,Fall,Facility3,Forklift/Pallet Jack,Dry Storage,Warehouse,3,Yes,No,Metal,750,Dry,Continuous,Storage,sample-106,Metal,As needed
sample-108,NL.03.3,yes,Winter,Facility3,Forklift/Pallet Jack,Dry Storage,Warehouse,3,Yes,No,Metal,520000,Dry,Continuous,Storage,sample-108,Metal,As needed
sample-107,NL.03.4,yes,Spring,Facility3,Forklift/Pallet Jack,Dry Storage,Warehouse,3,Yes,No,Metal,182000,Dry,Continuous,Storage,sample-107,Metal,As needed
sample-314,NL.04.1,yes,Summer,Facility3,Forklift/Pallet Jack,Dry Storage,Warehouse,3,Yes,No,"Rubber, painted metal",24100,Dry,Continuous,Storage,sample-314,Rubber,As needed
sample-114,NL.04.2,yes,Fall,Facility3,Forklift/Pallet Jack,Dry Storage,Warehouse,3,Yes,No,"Rubber, painted metal",50,Dry,Continuous,Storage,sample-114,Rubber,As needed
sample-116,NL.04.3,yes,Winter,Facility3,Forklift/Pallet Jack,Dry Storage,Warehouse,3,Yes,No,"Rubber, painted metal",800,Dry,Continuous,Storage,sample-116,Rubber,As needed
sample-115,NL.04.4,yes,Spring,Facility3,Forklift/Pallet Jack,Dry Storage,Warehouse,3,Yes,No,"Rubber, painted metal",2400,Dry,Continuous,Storage,sample-115,Rubber,As needed
sample-322,NL.05.1,yes,Summer,Facility3,Cleaning Tools,Dry Storage,Warehouse,3,Yes,No,"Rubber, Metal",15200,Dry,Continuous,Storage,sample-322,"Rubber, Metal",Daily
sample-134,NL.05.2,yes,Fall,Facility3,Cleaning Tools,Dry Storage,Warehouse,3,Yes,No,"Rubber, Metal",0,Dry,Continuous,Storage,sample-134,"Rubber, Metal",Daily
sample-136,NL.05.3,yes,Winter,Facility3,Cleaning Tools,Dry Storage,Warehouse,3,Yes,No,"Rubber, Metal",6400,Dry,Continuous,Storage,sample-136,"Rubber, Metal",Daily
sample-135,NL.05.4,yes,Spring,Facility3,Floor Object,Dry Storage,Warehouse,3,Yes,No,Painted Metal,2800,Dry,Continuous,Storage,sample-135,Metal,None
sample-146,NL.06.2,no,Fall,Facility3,Non-FPE Structure,Dry Storage,Warehouse,3,Yes,Yes,Metal,0,Dry,Continuous,Storage,sample-146,Metal,None
sample-148,NL.06.3,no,Winter,Facility3,Non-FPE Structure,Dry Storage,Warehouse,3,Yes,Yes,Metal,800,Dry,Continuous,Storage,sample-148,Metal,None
sample-147,NL.06.4,no,Spring,Facility3,Non-FPE Structure,Dry Storage,Warehouse,3,Yes,Yes,Metal,400,Dry,Continuous,Storage,sample-147,Metal,None
sample-325,NL.07.1,yes,Summer,Facility3,Door,Dry Storage,Warehouse,3,Yes,No,"Plastic, rubber",0,Dry,Continuous,Storage,sample-325,"Plastic, rubber",None
sample-149,NL.07.2,yes,Fall,Facility3,Door,Dry Storage,Warehouse,3,Yes,No,"Rubber, Plastic",0,Dry,Continuous,Storage,sample-149,Plastic,None
sample-151,NL.07.3,yes,Winter,Facility3,Door,Dry Storage,Warehouse,3,Yes,No,"Rubber, Plastic",11200,Dry,Continuous,Storage,sample-151,Plastic,None
sample-150,NL.07.4,yes,Spring,Facility3,Door,Dry Storage,Warehouse,3,Yes,No,"Rubber, Plastic",800,Dry,Continuous,Storage,sample-150,Plastic,None
sample-326,NL.08.1,no,Summer,Facility3,Floor Object,UF,Post-Pasteurization ,3,Yes,No,"Painted cinderblock, caulk, brick",188000000,Damp,Continuous,Production,sample-326,Brick,None
sample-152,NL.08.2,no,Fall,Facility3,Floor Object,UF,Post-Pasteurization ,3,Yes,No,"Painted cinderblock, caulk, brick",0,Dry,Continuous,Production,sample-152,Brick,None
sample-153,NL.08.4,no,Spring,Facility3,Floor Object,UF,Post-Pasteurization ,3,Yes,No,"Painted cinderblock, caulk, brick",10800,Dry,Continuous,Production,sample-153,Brick,None
sample-327,NL.09.1,no,Summer,Facility3,Non-FPE Structure,UF,Post-Pasteurization ,2,None,No,Stainless Steel,975000,Wet,Continuous,Production,sample-327,Stainless Steel,None
sample-154,NL.09.3,no,Winter,Facility3,Non-FPE Structure,UF,Post-Pasteurization ,3,Yes,No,Stainless Steel,41200,Wet,Continuous,Production,sample-154,Stainless Steel,None
sample-293,NL.10.1,yes,Summer,Facility3,Wall/Ceiling,UF,Post-Pasteurization ,3,None,No,"Painted cinderblock, caulk",315000,Wet,Continuous,Production,sample-293,Caulk,None
sample-81,NL.10.2,yes,Fall,Facility3,Wall/Ceiling,UF,Post-Pasteurization ,3,None,No,"Painted cinderblock, caulk",0,Wet,Continuous,Production,sample-81,Caulk,None
sample-83,NL.10.3,yes,Winter,Facility3,Wall/Ceiling,UF,Post-Pasteurization ,3,None,No,"Painted cinderblock, caulk",5600,Dry,Continuous,Production,sample-83,Caulk,None
sample-82,NL.10.4,yes,Spring,Facility3,Wall/Ceiling,UF,Post-Pasteurization ,3,None,No,"Painted cinderblock, caulk",1200,Dry,Continuous,Production,sample-82,Caulk,None
sample-84,NL.11.2,no,Fall,Facility3,Cart/Rolling Bins,UF,Post-Pasteurization ,3,Yes,No,"Rubber, Metal",0,Dry,Continuous,Production,sample-84,Rubber,None
sample-85,NL.11.3,no,Winter,Facility3,Cart/Rolling Bins,UF,Post-Pasteurization ,3,Yes,No,"Rubber, Metal",12700000,Dry,Continuous,Production,sample-85,Rubber,None
sample-156,NL.11.4,no,Spring,Facility3,Cart/Rolling Bins,UF,Post-Pasteurization ,3,Yes,No,"Rubber, Metal",44400,Dry,Continuous,Production,sample-156,Rubber,None
sample-294,NL.12.1,no,Summer,Facility3,Drain,UF,Post-Pasteurization ,3,Yes,No,Stainless Steel,200,Wet,Continuous,Production,sample-294,Stainless Steel,Daily
sample-87,NL.12.3,no,Winter,Facility3,Drain,UF,Post-Pasteurization ,3,Yes,No,Stainless Steel,6240000,Wet,Continuous,Production,sample-87,Stainless Steel,Daily
sample-86,NL.12.4,no,Spring,Facility3,Drain,UF,Post-Pasteurization ,3,Yes,No,Stainless Steel,58000,Wet,Continuous,Production,sample-86,Stainless Steel,Daily
sample-88,NL.13.2,no,Fall,Facility3,Drain,UF,Post-Pasteurization ,3,None,No,Stainless Steel,350,Wet,Perforated,Production,sample-88,Stainless Steel,Daily
sample-90,NL.13.3,no,Winter,Facility3,Drain,UF,Post-Pasteurization ,3,None,No,Stainless Steel,149000,Wet,Perforated,Production,sample-90,Stainless Steel,Daily
sample-89,NL.13.4,no,Spring,Facility3,Drain,UF,Post-Pasteurization ,3,None,No,Stainless Steel,86400,Wet,Perforated,Production,sample-89,Stainless Steel,Daily
sample-295,NL.14.1,no,Summer,Facility3,Floor Object,UF,Post-Pasteurization ,3,Yes,No,"Caulk, plastic, brick",18800,Wet,Continuous,Production,sample-295,Brick,None
sample-91,NL.14.2,no,Fall,Facility3,Floor Object,UF,Post-Pasteurization ,3,None,No,"Caulk, plastic, brick",450,Dry,Continuous,Production,sample-91,Brick,None
sample-92,NL.14.4,no,Spring,Facility3,Floor Object,UF,Post-Pasteurization ,3,None,No,"Caulk, plastic, brick",56000000,Dry,Continuous,Production,sample-92,Brick,None
sample-296,NL.15.1,no,Summer,Facility3,Floor Object,UF,Post-Pasteurization ,3,Yes,No,Metal,10600,Dry,Perforated,Production,sample-296,Metal,None
sample-93,NL.15.4,no,Spring,Facility3,Floor Object,UF,Post-Pasteurization ,3,None,No,Metal,0,Dry,Perforated,Production,sample-93,Metal,None
sample-297,NL.17.1,no,Summer,Facility3,Hose,Yogurt Room,Post-Pasteurization ,2,Yes,No,Rubber,600,Dry,Continuous,Production,sample-297,Rubber,None
sample-94,NL.17.2,no,Fall,Facility3,Hose,Yogurt Room,Post-Pasteurization ,2,Yes,No,Rubber,450,Dry,Continuous,Production,sample-94,Rubber,None
sample-95,NL.17.4,no,Spring,Facility3,Hose,Yogurt Room,Post-Pasteurization ,2,Yes,No,Rubber,800,Dry,Continuous,Production,sample-95,Rubber,None
sample-299,NL.20.1,no,Summer,Facility3,Wall/Ceiling,Yogurt Room,Post-Pasteurization ,3,Yes,No,"Stainless Steel, Plastic",15000000,Dry,Continuous,Production,sample-299,Stainless Steel,None
sample-300,NL.21.1,yes,Summer,Facility3,Forklift/Pallet Jack,Materials Handling,Warehouse,3,Yes,No,"Rubber, painted metal",1450,Dry,Continuous,Materials Handling,sample-300,Rubber,As needed
sample-99,NL.21.2,yes,Fall,Facility3,Forklift/Pallet Jack,Materials Handling,Warehouse,3,Yes,No,"Rubber, painted metal",100,Dry,Continuous,Materials Handling,sample-99,Rubber,As needed
sample-101,NL.21.3,yes,Winter,Facility3,Forklift/Pallet Jack,Materials Handling,Warehouse,3,Yes,No,"Rubber, painted metal",3200,Dry,Continuous,Materials Handling,sample-101,Rubber,As needed
sample-100,NL.21.4,yes,Spring,Facility3,Forklift/Pallet Jack,Materials Handling,Warehouse,3,Yes,No,"Rubber, painted metal",400,Dry,Continuous,Materials Handling,sample-100,Rubber,As needed
sample-301,NL.22.1,no,Summer,Facility3,Drain,Filling,Filling,3,Yes,No,Stainless Steel,0,Wet,Perforated,Production,sample-301,Stainless Steel,Daily
sample-102,NL.22.4,no,Spring,Facility3,Drain,Filling,Filling,3,Yes,No,Stainless Steel,400000,Wet,Perforated,Production,sample-102,Stainless Steel,Daily
sample-302,NL.23.1,no,Summer,Facility3,Drain,Filling,Filling,3,None,No,Stainless Steel,250,Wet,Perforated,Production,sample-302,Stainless Steel,Daily
sample-103,NL.23.4,no,Spring,Facility3,Drain,Filling,Filling,3,None,No,Stainless Steel,400,Wet,Perforated,Production,sample-103,Stainless Steel,Daily
sample-303,NL.24.1,no,Summer,Facility3,Conveyor,Filling,Filling,2,None,No,"Stainless Steel, rubber",1450,Dry,Continuous,Production,sample-303,"Stainless Steel, rubber",Daily
sample-304,NL.25.1,no,Summer,Facility3,Non-FPE Structure,Filling,Filling,3,Yes,No,Stainless Steel,3850,Dry,Continuous,Production,sample-304,Stainless Steel,Daily
sample-104,NL.25.2,no,Fall,Facility3,Non-FPE Structure,Filling,Filling,3,Yes,No,Stainless Steel,0,Dry,Continuous,Production,sample-104,Stainless Steel,Daily
sample-305,NL.26.1,no,Summer,Facility3,Drain,Filling,Filling,3,Yes,No,Stainless Steel,1500,Wet,Perforated,Production,sample-305,Stainless Steel,Daily
sample-105,NL.26.4,no,Spring,Facility3,Drain,Filling,Filling,3,Yes,No,Stainless Steel,17600,Wet,Perforated,Production,sample-105,Stainless Steel,Daily
sample-306,NL.28.1,no,Summer,Facility3,Conveyor,Filling,Filling,2,Yes,No,Stainless Steel,170000,Dry,Continuous,Production,sample-306,Stainless Steel,Daily
sample-308,NL.31.1,no,Summer,Facility3,Door,Filling,Filling,3,Yes,No,Tarp,3500,Damp,Continuous,Production,sample-308,Plastic,None
sample-309,NL.32.1,no,Summer,Facility3,FPE Structure,Filling,Filling,2,Yes,No,Stainless Steel,0,Wet,Continuous,Production,sample-309,Stainless Steel,Daily
sample-109,NL.32.3,no,Winter,Facility3,FPE Structure,Filling,Filling,2,Yes,No,Stainless Steel,356000,Wet,Continuous,Production,sample-109,Stainless Steel,Daily
sample-310,NL.33.1,no,Summer,Facility3,Door,Filling,Filling,3,Yes,No,Tarp,300,Damp,Continuous,Production,sample-310,Plastic,None
sample-311,NL.35.1,no,Summer,Facility3,Door,Cold Storage,Warehouse,3,None,No,Tarp,157000000,Dry,Continuous,Storage,sample-311,Plastic,None
sample-110,NL.35.2,no,Fall,Facility3,Door,Cold Storage,Warehouse,3,Yes,No,Tarp,0,Wet,Continuous,Storage,sample-110,Plastic,None
sample-312,NL.36.1,no,Summer,Facility3,FPE Structure,Filling,Filling,2,None,No,Stainless Steel,45000000,Wet,Continuous,Production,sample-312,Stainless Steel,Daily
sample-111,NL.37.2,no,Fall,Facility3,Conveyor,Filling,Filling,2,Yes,No,Rubber,200,Dry,Continuous,Production,sample-111,Rubber,Daily
sample-112,NL.37.3,no,Winter,Facility3,Conveyor,Filling,Filling,2,Yes,No,Rubber,0,Dry,Continuous,Production,sample-112,Rubber,Daily
sample-313,NL.38.1,no,Summer,Facility3,FPE Structure,Filling,Filling,2,None,No,Stainless Steel,0,Wet,Continuous,Production,sample-313,Stainless Steel,Daily
sample-113,NL.39.2,no,Fall,Facility3,Conveyor,Filling,Filling,2,Yes,No,Rubber,0,Dry,Continuous,Production,sample-113,Rubber,Daily
sample-315,NL.40.1,no,Summer,Facility3,Drain,Filling,Filling,3,None,No,Stainless Steel,500,Wet,Continuous,Production,sample-315,Stainless Steel,Daily
sample-117,NL.40.2,no,Fall,Facility3,Drain,Filling,Filling,3,Yes,No,Stainless Steel,0,Wet,Continuous,Production,sample-117,Stainless Steel,Daily
sample-118,NL.40.4,no,Spring,Facility3,Drain,Filling,Filling,3,Yes,No,Stainless Steel,3800000,Wet,Continuous,Production,sample-118,Stainless Steel,Daily
sample-316,NL.41.1,yes,Summer,Facility3,Conveyor,Filling,Filling,2,Yes,No,Rubber,115000,Dry,Continuous,Production,sample-316,Rubber,Daily
sample-119,NL.41.2,yes,Fall,Facility3,Conveyor,Filling,Filling,2,Yes,No,Rubber,0,Dry,Continuous,Production,sample-119,Rubber,Daily
sample-121,NL.41.3,yes,Winter,Facility3,Conveyor,Filling,Filling,2,Yes,No,Rubber,800,Dry,Continuous,Production,sample-121,Rubber,Daily
sample-120,NL.41.4,yes,Spring,Facility3,Conveyor,Filling,Filling,2,Yes,No,Rubber,0,Dry,Continuous,Production,sample-120,Rubber,Daily
sample-317,NL.42.1,yes,Summer,Facility3,Hose,Filling,Filling,2,Yes,No,Teflon,410000,Dry,Continuous,Production,sample-317,Plastic,None
sample-122,NL.42.2,yes,Fall,Facility3,Hose,Filling,Filling,2,Yes,No,Teflon,0,Dry,Continuous,Production,sample-122,Plastic,None
sample-124,NL.43.3,yes,Winter,Facility3,Drain,Filling,Filling,3,Yes,No,Metal,14000,Wet,Continuous,Production,sample-124,Metal,Daily
sample-123,NL.43.4,yes,Spring,Facility3,Drain,Filling,Filling,3,Yes,No,Metal,6800,Wet,Continuous,Production,sample-123,Metal,Daily
sample-318,NL.44.1,yes,Summer,Facility3,Non-FPE Structure,Filling,Filling,3,Yes,No,Spray painted wood,19000,Dry,Grille,Production,sample-318,Wood,None
sample-125,NL.44.2,yes,Fall,Facility3,Non-FPE Structure,Filling,Filling,3,Yes,No,Spray painted wood,0,Dry,Grille,Production,sample-125,Wood,None
sample-127,NL.44.3,yes,Winter,Facility3,Non-FPE Structure,Filling,Filling,3,Yes,No,Spray painted wood,2000000,Wet,Grille,Production,sample-127,Wood,None
sample-126,NL.44.4,yes,Spring,Facility3,Non-FPE Structure,Filling,Filling,3,Yes,No,Spray painted wood,10000,Wet,Grille,Production,sample-126,Wood,None
sample-319,NL.45.1,no,Summer,Facility3,Drain,Filling,Filling,3,None,No,Stainless Steel,770000,Wet,Perforated,Production,sample-319,Stainless Steel,Daily
sample-320,NL.46.1,no,Summer,Facility3,Non-FPE Structure,Filling,Filling,3,Yes,No,Spray painted wood,6750,Wet,Grille,Production,sample-320,Wood,None
sample-128,NL.46.2,no,Fall,Facility3,Non-FPE Structure,Filling,Filling,3,Yes,No,Spray painted wood,0,Wet,Grille,Production,sample-128,Wood,None
sample-130,NL.46.3,no,Winter,Facility3,Non-FPE Structure,Filling,Filling,3,Yes,No,Spray painted wood,320000,Wet,Grille,Production,sample-130,Wood,None
sample-129,NL.46.4,no,Spring,Facility3,Non-FPE Structure,Filling,Filling,3,Yes,No,Spray painted wood,800,Dry,Grille,Production,sample-129,Wood,None
sample-131,NL.47.2,no,Fall,Facility3,FPE Structure,Filling,Filling,2,Yes,No,Stainless Steel,0,Dry,Continuous,Production,sample-131,Stainless Steel,Daily
sample-132,NL.47.4,no,Spring,Facility3,FPE Structure,Filling,Filling,2,Yes,No,Stainless Steel,0,Dry,Continuous,Production,sample-132,Stainless Steel,Daily
sample-321,NL.48.1,no,Summer,Facility3,Door,Filling,Filling,3,Yes,No,Plastic,1400,Dry,Continuous,Production,sample-321,Plastic,None
sample-133,NL.48.2,no,Fall,Facility3,Door,Filling,Filling,3,Yes,No,Plastic,0,Dry,Continuous,Production,sample-133,Plastic,None
sample-323,NL.50.1,yes,Summer,Facility3,Floor Object,Cold Storage,Warehouse,3,Yes,No,Cement,800,Wet,Continuous,Storage,sample-323,Cement,Daily
sample-137,NL.50.2,yes,Fall,Facility3,Floor Object,Cold Storage,Warehouse,3,Yes,No,Cement,150,Wet,Continuous,Storage,sample-137,Cement,Daily
sample-139,NL.50.3,yes,Winter,Facility3,Floor Object,Cold Storage,Warehouse,3,Yes,No,Cement,0,Wet,Continuous,Storage,sample-139,Cement,Daily
sample-138,NL.50.4,yes,Spring,Facility3,Floor Object,Cold Storage,Warehouse,3,Yes,No,Cement,38000,Wet,Continuous,Storage,sample-138,Cement,Daily
sample-140,NL.51.2,no,Fall,Facility3,Fan/Vent,Cold Storage,Warehouse,3,Yes,No,Metal,4000,Dry,Grille,Storage,sample-140,Metal,None
sample-142,NL.51.3,no,Winter,Facility3,Fan/Vent,Cold Storage,Warehouse,3,Yes,No,Metal,38400,Dry,Grille,Storage,sample-142,Metal,None
sample-141,NL.51.4,no,Spring,Facility3,Fan/Vent,Cold Storage,Warehouse,3,Yes,No,Metal,8000,Dry,Grille,Storage,sample-141,Metal,None
sample-324,NL.52.1,yes,Summer,Facility3,Forklift/Pallet Jack,Cold Storage,Warehouse,3,Yes,No,"Rubber, Metal",50,Dry,Continuous,Storage,sample-324,Rubber,As needed
sample-143,NL.52.2,yes,Fall,Facility3,Forklift/Pallet Jack,Cold Storage,Warehouse,3,Yes,No,"Rubber, Metal",300,Dry,Continuous,Storage,sample-143,Rubber,As needed
sample-145,NL.52.3,yes,Winter,Facility3,Forklift/Pallet Jack,Cold Storage,Warehouse,3,Yes,No,"Rubber, Metal",3200,Dry,Continuous,Storage,sample-145,Rubber,As needed
sample-144,NL.52.4,yes,Spring,Facility3,Forklift/Pallet Jack,Cold Storage,Warehouse,3,Yes,No,"Rubber, Metal",2800,Dry,Continuous,Storage,sample-144,Rubber,As needed
sample-53,NL.E1.2,no,Fall,Facility3,Non-FPE Structure,Hallway,Office/Hallway,4,None,No,Plastic,3000000000,Dry,Continuous,Hallway,sample-53,Plastic,NA
sample-46,NL.E10.2,no,Fall,Facility3,Drain,Receiving,Warehouse,3,No,No,Metal,175000,Dry,Grid,Receiving,sample-46,Metal,NA
sample-47,NL.E10.3,no,Winter,Facility3,Drain,Receiving,Warehouse,3,No,No,Metal,26400,Dry,Grid,Receiving,sample-47,Metal,NA
sample-155,NL.E10.4,no,Spring,Facility3,Drain,Receiving,Warehouse,3,No,No,Metal,1200000,Dry,Grid,Receiving,sample-155,Metal,NA
sample-48,NL.E11.2,no,Fall,Facility3,FPE Structure,Filling,Filling,2,Yes,No,Stainless Steel,650,Dry,Continuous,Production,sample-48,Stainless Steel,Daily
sample-49,NL.E12.2,no,Fall,Facility3,FPE Structure,Filling,Filling,2,Yes,No,Stainless Steel,28500000,Dry,Continuous,Production,sample-49,Stainless Steel,Daily
sample-50,NL.E13.3,no,Winter,Facility3,Floor Object,Filling,Filling,3,No,No,Tarp,680000,Wet,Continuous,Production,sample-50,Plastic,NA
sample-55,NL.E2.2,no,Fall,Facility3,Non-FPE Structure,Hallway,Office/Hallway,4,None,No,Cardboard,50,Dry,Continuous,Hallway,sample-55,Cardboard,NA
sample-61,NL.E4.2,no,Fall,Facility3,Non-FPE Structure,Filling,Filling,3,No,No,NA,2500000000,Dry,Continuous,Production,sample-61,NA,NA
sample-65,NL.E5.2,no,Fall,Facility3,Non-FPE Structure,Filling,Filling,3,No,No,Cardboard,130000,Dry,Continuous,Production,sample-65,Cardboard,NA
sample-157,NL.E5.4,no,Spring,Facility3,Non-FPE Structure,Filling,Filling,3,No,No,Cardboard,0,Dry,Continuous,Production,sample-157,Cardboard,NA
sample-74,NL.E8.2,no,Fall,Facility3,Wall/Ceiling,Cold Storage,Warehouse,3,Yes,No,"Cincerblock, cement, wood",220000,Dry,Continuous,Storage,sample-74,"Cincerblock, cement, wood",NA
sample-75,NL.E8.3,no,Winter,Facility3,Wall/Ceiling,Cold Storage,Warehouse,3,Yes,No,"Cincerblock, cement, wood",62000,Dry,Continuous,Storage,sample-75,"Cincerblock, cement, wood",NA
sample-158,NL.E8.4,no,Spring,Facility3,Wall/Ceiling,Cold Storage,Warehouse,3,Yes,No,"Cincerblock, cement, wood",129000,Dry,Continuous,Storage,sample-158,"Cincerblock, cement, wood",NA
sample-76,NL.E9.2,no,Fall,Facility3,Floor Object,Receiving,Warehouse,3,Yes,No,Diamond Rough Metal,70000,Dry,Continuous,Receiving,sample-76,Metal,NA
sample-77,NL.E9.3,no,Winter,Facility3,Floor Object,Receiving,Warehouse,3,Yes,No,Diamond Rough Metal,48000,Dry,Continuous,Receiving,sample-77,Metal,NA
sample-159,NL.E9.4,no,Spring,Facility3,Floor Object,Receiving,Warehouse,3,Yes,No,Diamond Rough Metal,153000,Dry,Continuous,Receiving,sample-159,Metal,NA
sample-207,WS.04.2,no,Fall,Facilty1,Drain,Dry Storage,Warehouse,3,Yes,No,Stainless Steel,310000,Dry,Perforated,Production,sample-207,Stainless Steel,monthly 
sample-349,WS.05.1,no,Summer,Facilty1,Forklift/Pallet Jack,Dry Storage,Warehouse,3,Yes,No,"Rubber, Metal",15200,Dry,Continuous,Production,sample-349,"Rubber, Metal",Yearly
sample-233,WS.05.2,no,Fall,Facilty1,Forklift/Pallet Jack,Dry Storage,Warehouse,3,Yes,No,"Rubber, Metal",400,Dry,Continuous,Production,sample-233,"Rubber, Metal",Yearly
sample-234,WS.05.3,no,Winter,Facilty1,Forklift/Pallet Jack,Dry Storage,Warehouse,3,Yes,No,"Rubber, Metal",525000,Dry,Continuous,Production,sample-234,"Rubber, Metal",Yearly
sample-352,WS.06.1,no,Summer,Facilty1,Forklift/Pallet Jack,Dry Storage,Warehouse,3,Yes,No,"Rubber, Metal",80000,Dry,Continuous,Production,sample-352,"Rubber, Metal",Yearly
sample-238,WS.06.2,no,Fall,Facilty1,Forklift/Pallet Jack,Dry Storage,Warehouse,3,Yes,No,"Rubber, Metal",800,Dry,Continuous,Production,sample-238,"Rubber, Metal",Yearly
sample-239,WS.06.3,no,Winter,Facilty1,Forklift/Pallet Jack,Dry Storage,Warehouse,3,Yes,No,"Rubber, Metal",8000,Dry,Continuous,Production,sample-239,"Rubber, Metal",Yearly
sample-353,WS.07.1,no,Summer,Facilty1,Door,Dry Storage,Warehouse,3,Yes,No,"Plastic, cement floor",0,Dry,Continuous,Production,sample-353,Cement,Daily
sample-354,WS.08.1,yes,Summer,Facilty1,Drain,Raw Blend,Raw,3,None,No,Stainless Steel,188000000,Wet,Perforated,Production,sample-354,Stainless Steel,monthly 
sample-240,WS.08.2,yes,Fall,Facilty1,Drain,Raw Blend,Raw,3,Yes,No,Stainless Steel,208000000,Wet,Perforated,Production,sample-240,Stainless Steel,monthly 
sample-242,WS.08.3,yes,Winter,Facilty1,Drain,Raw Blend,Raw,3,Yes,No,Stainless Steel,13600000,Wet,Perforated,Production,sample-242,Stainless Steel,monthly 
sample-241,WS.08.4,yes,Spring,Facilty1,Drain,Raw Blend,Raw,3,Yes,No,Stainless Steel,1950000000,Wet,Perforated,Production,sample-241,Stainless Steel,monthly 
sample-355,WS.09.1,yes,Summer,Facilty1,Hose,Raw Blend,Raw,3,Yes,Yes,Rubber,975000,Dry,Continuous,Production,sample-355,Rubber,Yearly
sample-160,WS.09.2,yes,Fall,Facilty1,Hose,Raw Blend,Raw,2,Yes,Yes,Rubber,365000,Damp,Continuous,Production,sample-160,Rubber,Yearly
sample-244,WS.09.3,yes,Winter,Facilty1,Hose,Raw Blend,Raw,2,Yes,Yes,Rubber,12100000,Damp,Continuous,Production,sample-244,Rubber,Yearly
sample-243,WS.09.4,yes,Spring,Facilty1,Hose,Raw Blend,Raw,2,Yes,Yes,Rubber,14000,Dry,Continuous,Production,sample-243,Rubber,Yearly
sample-161,WS.10.3,no,Winter,Facilty1,Hose,Raw Blend,Raw,2,Yes,No,Rubber,800,Damp,Continuous,Production,sample-161,Rubber,None
sample-245,WS.10.4,no,Spring,Facilty1,Hose,Raw Blend,Raw,2,Yes,No,Rubber,8800,Damp,Continuous,Production,sample-245,Rubber,None
sample-328,WS.11.1,no,Summer,Facilty1,Non-FPE Structure,Raw Blend,Raw,3,Yes,No,Stainless Steel,500000,Dry,Continuous,Production,sample-328,Stainless Steel,Weekly
sample-162,WS.11.3,no,Winter,Facilty1,Non-FPE Structure,Raw Blend,Raw,3,Yes,No,Stainless Steel,160000,Wet,Continuous,Production,sample-162,Stainless Steel,Weekly
sample-329,WS.12.1,no,Summer,Facilty1,Fan/Vent,Raw Blend,Raw,2,None,No,Painted Metal,200,Dry,Grille,Production,sample-329,Metal,None
sample-163,WS.12.2,no,Fall,Facilty1,Fan/Vent,Raw Blend,Raw,2,Yes,No,Painted Metal,0,Dry,Grille,Production,sample-163,Metal,None
sample-164,WS.12.3,no,Winter,Facilty1,Fan/Vent,Raw Blend,Raw,2,Yes,No,Painted Metal,0,Dry,Grille,Production,sample-164,Metal,None
sample-330,WS.13.1,no,Summer,Facilty1,FPE Structure,Raw Blend,Raw,2,None,No,Stainless Steel,25000000,Damp,Continuous,Production,sample-330,Stainless Steel,Weekly
sample-331,WS.14.1,yes,Summer,Facilty1,Floor Object,Cold Storage,Warehouse,3,Yes,No,"Metal, Sealed concrete ",18800,Dry,Grille,Storage,sample-331,"Metal, Sealed concrete ",None
sample-165,WS.14.2,yes,Fall,Facilty1,Floor Object,Cold Storage,Warehouse,3,Yes,No,"Metal, Sealed concrete ",10700,Dry,Grille,Storage,sample-165,"Metal, Sealed concrete ",None
sample-167,WS.14.3,yes,Winter,Facilty1,Floor Object,Cold Storage,Warehouse,3,Yes,No,"Metal, Sealed concrete ",0,Dry,Grille,Storage,sample-167,"Metal, Sealed concrete ",None
sample-166,WS.14.4,yes,Spring,Facilty1,Floor Object,Cold Storage,Warehouse,3,Yes,No,"Metal, Sealed concrete ",53200,Dry,Grille,Storage,sample-166,"Metal, Sealed concrete ",None
sample-168,WS.15.2,no,Fall,Facilty1,Non-FPE Structure,Cold Storage,Warehouse,3,Yes,No,Metal,1000,Wet,Grille,Storage,sample-168,Metal,None
sample-169,WS.15.4,no,Spring,Facilty1,Non-FPE Structure,Cold Storage,Warehouse,3,Yes,No,Metal,320000,Dry,Grille,Storage,sample-169,Metal,None
sample-332,WS.16.1,yes,Summer,Facilty1,Floor Object,Cold Storage,Warehouse,3,Yes,No,Metal,2300,Dry,Perforated,Storage,sample-332,Metal,Weekly
sample-170,WS.16.2,yes,Fall,Facilty1,Floor Object,Cold Storage,Warehouse,3,Yes,No,Metal,95000,Wet,Perforated,Storage,sample-170,Metal,Weekly
sample-172,WS.16.3,yes,Winter,Facilty1,Floor Object,Cold Storage,Warehouse,3,Yes,No,Metal,3600,Wet,Perforated,Storage,sample-172,Metal,Weekly
sample-171,WS.16.4,yes,Spring,Facilty1,Floor Object,Cold Storage,Warehouse,3,Yes,No,Metal,4000,Dry,Perforated,Storage,sample-171,Metal,Weekly
sample-173,WS.17.2,no,Fall,Facilty1,Cleaning Tools,Cold Storage,Warehouse,3,None,No,"Rubber, Plastic",250,Dry,Continuous,Storage,sample-173,Plastic,Daily
sample-174,WS.17.3,no,Winter,Facilty1,Cleaning Tools,Cold Storage,Warehouse,3,None,No,"Rubber, Plastic",400,Dry,Continuous,Storage,sample-174,Plastic,Daily
sample-175,WS.18.2,no,Fall,Facilty1,Wall/Ceiling,Cold Storage,Warehouse,3,Yes,No,Painted Metal,46200,Dry,Continuous,Storage,sample-175,Metal,None
sample-177,WS.18.3,no,Winter,Facilty1,Wall/Ceiling,Cold Storage,Warehouse,3,Yes,No,Painted Metal,2960000,Dry,Continuous,Storage,sample-177,Metal,None
sample-176,WS.18.4,no,Spring,Facilty1,Wall/Ceiling,Cold Storage,Warehouse,3,Yes,No,Painted Metal,2360000,Dry,Continuous,Storage,sample-176,Metal,None
sample-333,WS.20.1,yes,Summer,Facilty1,Drain,Cheese Room,Post-Pasteurization ,3,None,No,Stainless Steel,15000000,Wet,Perforated,Production,sample-333,Stainless Steel,monthly 
sample-178,WS.20.2,yes,Fall,Facilty1,Drain,Cheese Room,Post-Pasteurization ,3,Yes,No,Stainless Steel,1450,Wet,Perforated,Production,sample-178,Stainless Steel,monthly 
sample-180,WS.20.3,yes,Winter,Facilty1,Drain,Cheese Room,Post-Pasteurization ,3,Yes,No,Stainless Steel,192000,Wet,Perforated,Production,sample-180,Stainless Steel,monthly 
sample-179,WS.20.4,yes,Spring,Facilty1,Drain,Cheese Room,Post-Pasteurization ,3,Yes,No,Stainless Steel,64000,Wet,Perforated,Production,sample-179,Stainless Steel,monthly 
sample-334,WS.21.1,no,Summer,Facilty1,Door,Cheese Room,Post-Pasteurization ,3,None,No,Plastic,1450,Wet,Continuous,Production,sample-334,Plastic,Continuous
sample-181,WS.21.3,no,Winter,Facilty1,Door,Cheese Room,Post-Pasteurization ,3,Yes,No,Plastic,0,Damp,Continuous,Production,sample-181,Plastic,Continuous
sample-182,WS.22.2,no,Fall,Facilty1,Cart/Rolling Bins,Cheese Room,Post-Pasteurization ,3,Yes,No,"Rubber, Metal",0,Dry,Continuous,Production,sample-182,Rubber,None
sample-183,WS.23.2,no,Fall,Facilty1,Hose,Cheese Room,Post-Pasteurization ,2,Yes,No,Rubber,0,Dry,Continuous,Production,sample-183,Rubber,None
sample-184,WS.23.3,no,Winter,Facilty1,Hose,Cheese Room,Post-Pasteurization ,2,Yes,No,Rubber,0,Dry,Continuous,Production,sample-184,Rubber,None
sample-335,WS.24.1,yes,Summer,Facilty1,Floor Object,Cheese Room,Post-Pasteurization ,3,Yes,No,Metal,1450,Dry,Grid,Production,sample-335,Metal,None
sample-185,WS.24.2,yes,Fall,Facilty1,Floor Object,Cheese Room,Post-Pasteurization ,3,Yes,No,Metal,0,Dry,Grid,Production,sample-185,Metal,None
sample-187,WS.24.3,yes,Winter,Facilty1,Floor Object,Cheese Room,Post-Pasteurization ,3,Yes,No,Metal,0,Dry,Grid,Production,sample-187,Metal,None
sample-186,WS.24.4,yes,Spring,Facilty1,Floor Object,Cheese Room,Post-Pasteurization ,3,Yes,No,Metal,0,Dry,Grid,Production,sample-186,Metal,None
sample-336,WS.26.1,no,Summer,Facilty1,Hose,Cheese Room,Post-Pasteurization ,2,Yes,No,Rubber,1500,Dry,Continuous,Production,sample-336,Rubber,None
sample-337,WS.27.1,yes,Summer,Facilty1,Hose,Cheese Room,Post-Pasteurization ,2,Yes,Yes,Metal,50000,Dry,Continuous,Production,sample-337,Metal,None
sample-188,WS.27.2,yes,Fall,Facilty1,Hose,Cheese Room,Post-Pasteurization ,2,Yes,Yes,Metal,14400,Dry,Continuous,Production,sample-188,Metal,None
sample-190,WS.27.3,yes,Winter,Facilty1,Hose,Cheese Room,Post-Pasteurization ,2,Yes,Yes,Metal,11200,Dry,Continuous,Production,sample-190,Metal,None
sample-189,WS.27.4,yes,Spring,Facilty1,Hose,Cheese Room,Post-Pasteurization ,2,Yes,Yes,Metal,1600,Dry,Continuous,Production,sample-189,Metal,None
sample-192,WS.28.3,no,Winter,Facilty1,FPE Structure,Kosher Cheese Room,Post-Pasteurization ,2,Yes,No,Stainless Steel,234000,Dry,Continuous,Production,sample-192,Stainless Steel,Daily
sample-191,WS.28.4,no,Spring,Facilty1,FPE Structure,Kosher Cheese Room,Post-Pasteurization ,2,Yes,No,Stainless Steel,62800,Dry,Continuous,Production,sample-191,Stainless Steel,Daily
sample-338,WS.29.1,no,Summer,Facilty1,Floor Object,Kosher Cheese Room,Post-Pasteurization ,3,None,No,Sealed Stone,185000,Wet,Continuous,Production,sample-338,Sealed Stone,None/as needed
sample-193,WS.29.3,no,Winter,Facilty1,Floor Object,Kosher Cheese Room,Post-Pasteurization ,3,Yes,No,Sealed Stone,6000,Wet,Continuous,Production,sample-193,Sealed Stone,None/as needed
sample-339,WS.30.1,no,Summer,Facilty1,Cart/Rolling Bins,Kosher Cheese Room,Post-Pasteurization ,3,Yes,No,"Rubber, Plastic",0,Dry,Continuous,Production,sample-339,Rubber,None
sample-194,WS.31.2,no,Fall,Facilty1,FPE Structure,Kosher Cheese Room,Post-Pasteurization ,2,Yes,No,Stainless Steel,35000,Dry,Continuous,Production,sample-194,Stainless Steel,Daily
sample-196,WS.31.3,no,Winter,Facilty1,FPE Structure,Kosher Cheese Room,Post-Pasteurization ,2,Yes,No,Stainless Steel,61600,Dry,Continuous,Production,sample-196,Stainless Steel,Daily
sample-195,WS.31.4,no,Spring,Facilty1,FPE Structure,Kosher Cheese Room,Post-Pasteurization ,2,Yes,No,Stainless Steel,9200,Dry,Continuous,Production,sample-195,Stainless Steel,Daily
sample-197,WS.33.4,no,Spring,Facilty1,Non-FPE Structure,Cheese Room,Post-Pasteurization ,2,None,No,Stainless Steel,19600,Wet,Continuous,Production,sample-197,Stainless Steel,None
sample-340,WS.35.1,yes,Summer,Facilty1,Drain,Cheese Room,Post-Pasteurization ,3,Yes,No,Stainless Steel,157000000,Wet,Perforated,Production,sample-340,Stainless Steel,monthly 
sample-198,WS.35.2,yes,Fall,Facilty1,Drain,Cheese Room,Post-Pasteurization ,3,Yes,No,Stainless Steel,248000000,Wet,Perforated,Production,sample-198,Stainless Steel,monthly 
sample-200,WS.35.3,yes,Winter,Facilty1,Drain,Cheese Room,Post-Pasteurization ,3,Yes,No,Stainless Steel,7070000000,Wet,Perforated,Production,sample-200,Stainless Steel,monthly 
sample-199,WS.35.4,yes,Spring,Facilty1,Drain,Cheese Room,Post-Pasteurization ,3,Yes,No,Stainless Steel,1940000000,Wet,Perforated,Production,sample-199,Stainless Steel,monthly 
sample-341,WS.36.1,no,Summer,Facilty1,Wall/Ceiling,Cheese Room,Post-Pasteurization ,3,Yes,No,Painted Cinderblock,45000000,Dry,Continuous,Production,sample-341,Painted Cinderblock,None
sample-201,WS.36.2,no,Fall,Facilty1,Wall/Ceiling,Cheese Room,Post-Pasteurization ,3,Yes,No,Painted Cinderblock,50000,Dry,Continuous,Production,sample-201,Painted Cinderblock,None
sample-202,WS.36.4,no,Spring,Facilty1,Wall/Ceiling,Cheese Room,Post-Pasteurization ,3,Yes,No,Painted Cinderblock,132000,Dry,Continuous,Production,sample-202,Painted Cinderblock,None
sample-203,WS.37.3,no,Winter,Facilty1,Non-FPE Structure,Cheese Room,Post-Pasteurization ,3,Yes,No,Stainless Steel,0,Dry,Continuous,Production,sample-203,Stainless Steel,None
sample-342,WS.39.1,yes,Summer,Facilty1,Forklift/Pallet Jack,Filling,Filling,2,Yes,No,"Rubber, Metal",17900,Dry,Continuous,Production,sample-342,"Rubber, Metal",As needed
sample-204,WS.39.2,yes,Fall,Facilty1,Forklift/Pallet Jack,Filling,Filling,2,Yes,No,"Rubber, Metal",21600,Dry,Continuous,Production,sample-204,"Rubber, Metal",As needed
sample-206,WS.39.3,yes,Winter,Facilty1,Forklift/Pallet Jack,Filling,Filling,2,Yes,No,"Rubber, Metal",3240000,Dry,Continuous,Production,sample-206,"Rubber, Metal",As needed
sample-205,WS.39.4,yes,Spring,Facilty1,Forklift/Pallet Jack,Filling,Filling,2,Yes,No,"Rubber, Metal",0,Dry,Continuous,Production,sample-205,"Rubber, Metal",As needed
sample-209,WS.40.3,no,Winter,Facilty1,Cart/Rolling Bins,Filling,Filling,3,None,No,"Rubber, Metal",0,Dry,Continuous,Production,sample-209,Rubber,None
sample-208,WS.40.4,no,Spring,Facilty1,Cart/Rolling Bins,Filling,Filling,3,None,No,"Rubber, Metal",41600,Wet,Continuous,Production,sample-208,Rubber,None
sample-210,WS.41.2,no,Fall,Facilty1,Cart/Rolling Bins,Filling,Filling,3,None,No,Plastic,1250,Dry,Continuous,Production,sample-210,Rubber,None
sample-212,WS.41.3,no,Winter,Facilty1,Cart/Rolling Bins,Filling,Filling,3,None,No,Plastic,52400,Damp,Continuous,Production,sample-212,Rubber,None
sample-211,WS.41.4,no,Spring,Facilty1,Cart/Rolling Bins,Filling,Filling,3,None,No,Plastic,4000,Damp,Continuous,Production,sample-211,Rubber,None
sample-213,WS.42.2,no,Fall,Facilty1,Drain,Filling,Filling,3,Yes,No,Stainless Steel,950,Wet,Perforated,Production,sample-213,Stainless Steel,monthly 
sample-215,WS.42.3,no,Winter,Facilty1,Drain,Filling,Filling,3,Yes,No,Stainless Steel,40000000,Wet,Perforated,Production,sample-215,Stainless Steel,monthly 
sample-214,WS.42.4,no,Spring,Facilty1,Drain,Filling,Filling,3,Yes,No,Stainless Steel,38000,Wet,Perforated,Production,sample-214,Stainless Steel,monthly 
sample-343,WS.43.1,yes,Summer,Facilty1,Forklift/Pallet Jack,Filling,Filling,2,None,No,"Rubber, Metal",3480000,"Dry,Wet",Continuous,Production,sample-343,"Rubber, Metal",As needed
sample-216,WS.43.2,yes,Fall,Facilty1,Forklift/Pallet Jack,Filling,Filling,2,None,No,"Rubber, Metal",3550,"Dry,Wet",Continuous,Production,sample-216,"Rubber, Metal",As needed
sample-218,WS.43.3,yes,Winter,Facilty1,Forklift/Pallet Jack,Filling,Filling,2,None,No,"Rubber, Metal",20400,Wet,Continuous,Production,sample-218,"Rubber, Metal",As needed
sample-217,WS.43.4,yes,Spring,Facilty1,Forklift/Pallet Jack,Filling,Filling,2,None,No,"Rubber, Metal",1120000,Wet,Continuous,Production,sample-217,"Rubber, Metal",As needed
sample-219,WS.44.4,no,Spring,Facilty1,Floor Object,Filling,Filling,3,Yes,No,Painted Metal,6800,Damp,Grid,Production,sample-219,Metal,None
sample-344,WS.45.1,no,Summer,Facilty1,Conveyor,Filling,Filling,2,None,No,Plastic,770000,Wet,Continuous,Production,sample-344,Plastic,Weekly
sample-220,WS.45.4,no,Spring,Facilty1,Conveyor,Filling,Filling,2,Yes,No,Plastic,0,Dry,Continuous,Production,sample-220,Plastic,Weekly
sample-345,WS.46.1,yes,Summer,Facilty1,Drain,Hot Room,Warehouse,3,Yes,No,Stainless Steel,6750,Dry,Perforated,Storage,sample-345,Stainless Steel,monthly 
sample-221,WS.46.2,yes,Fall,Facilty1,Drain,Hot Room,Warehouse,3,Yes,No,Stainless Steel,25000,Dry,Perforated,Storage,sample-221,Stainless Steel,monthly 
sample-223,WS.46.3,yes,Winter,Facilty1,Drain,Hot Room,Warehouse,3,Yes,No,Stainless Steel,0,Dry,Perforated,Storage,sample-223,Stainless Steel,monthly 
sample-222,WS.46.4,yes,Spring,Facilty1,Drain,Hot Room,Warehouse,3,Yes,No,Stainless Steel,23200,Dry,Perforated,Storage,sample-222,Stainless Steel,monthly 
sample-346,WS.47.1,yes,Summer,Facilty1,Door,Hot Room,Warehouse,3,Yes,No,Metal,300,Dry,Continuous,Storage,sample-346,Metal,None
sample-224,WS.47.2,yes,Fall,Facilty1,Door,Hot Room,Warehouse,3,Yes,No,Metal,0,Dry,Continuous,Storage,sample-224,Metal,None
sample-226,WS.47.3,yes,Winter,Facilty1,Door,Hot Room,Warehouse,3,Yes,No,Metal,400,Dry,Continuous,Storage,sample-226,Metal,None
sample-225,WS.47.4,yes,Spring,Facilty1,Door,Hot Room,Warehouse,3,Yes,No,Metal,0,Dry,Continuous,Storage,sample-225,Metal,None
sample-347,WS.48.1,yes,Summer,Facilty1,Door,Hot Room,Warehouse,3,Yes,No,"Painted Metal, Plastic",1400,Dry,Continuous,Storage,sample-347,"Plastic, Metal",None
sample-227,WS.48.2,yes,Fall,Facilty1,Door,Hot Room,Warehouse,3,Yes,No,"Painted Metal, Plastic",600,Dry,Continuous,Storage,sample-227,"Plastic, Metal",None
sample-229,WS.48.3,yes,Winter,Facilty1,Door,Hot Room,Warehouse,3,Yes,No,"Painted Metal, Plastic",1200,Dry,Continuous,Storage,sample-229,"Plastic, Metal",None
sample-228,WS.48.4,yes,Spring,Facilty1,Door,Hot Room,Warehouse,3,Yes,No,"Painted Metal, Plastic",1600,Dry,Continuous,Storage,sample-228,"Plastic, Metal",None
sample-348,WS.49.1,yes,Summer,Facilty1,Fan/Vent,Hot Room,Warehouse,3,Yes,No,Metal,1750,Dry,Grille,Storage,sample-348,Metal,None
sample-230,WS.49.2,yes,Fall,Facilty1,Fan/Vent,Hot Room,Warehouse,3,Yes,No,Metal,600,Dry,Grille,Storage,sample-230,Metal,None
sample-232,WS.49.3,yes,Winter,Facilty1,Fan/Vent,Hot Room,Warehouse,3,Yes,No,Metal,800,Dry,Grille,Storage,sample-232,Metal,None
sample-231,WS.49.4,yes,Spring,Facilty1,Fan/Vent,Hot Room,Warehouse,3,Yes,No,Metal,3200,Dry,Grille,Storage,sample-231,Metal,None
sample-350,WS.50.1,no,Summer,Facilty1,Fan/Vent,Hot Room,Warehouse,3,Yes,No,Painted Metal,800,Dry,Grille,Storage,sample-350,Metal,None
sample-236,WS.50.3,no,Winter,Facilty1,Fan/Vent,Hot Room,Warehouse,3,Yes,No,Painted Metal,0,Dry,Grille,Storage,sample-236,Metal,None
sample-235,WS.50.4,no,Spring,Facilty1,Fan/Vent,Hot Room,Warehouse,3,Yes,No,Painted Metal,400,Dry,Grille,Storage,sample-235,Metal,None
sample-351,WS.51.1,no,Summer,Facilty1,FPE Structure,Yogurt Room,Post-Pasteurization ,2,None,No,Stainless Steel,250000,Wet,Continuous,Production,sample-351,Stainless Steel,Weekly
sample-237,WS.51.4,no,Spring,Facilty1,FPE Structure,Yogurt Room,Post-Pasteurization ,2,Yes,No,Stainless Steel,16400,Wet,Continuous,Production,sample-237,Stainless Steel,Weekly
sample-56,WS.E2.2,no,Fall,Facilty1,Drain,Materials Handling,Warehouse,3,Yes,No,Stainless Steel,4500000,Dry,Perforated,Materials Handling,sample-56,Stainless Steel,monthly 
sample-57,WS.E2.3,no,Winter,Facilty1,Drain,Materials Handling,Warehouse,3,Yes,No,Stainless Steel,8720000,Dry,Perforated,Materials Handling,sample-57,Stainless Steel,monthly 
sample-246,WS.E2.4,no,Spring,Facilty1,Drain,Materials Handling,Warehouse,3,Yes,No,Stainless Steel,804000000,Dry,Perforated,Materials Handling,sample-246,Stainless Steel,monthly 
sample-247,WS.E3.4,no,Spring,Facilty1,Drain,Cold Storage,Warehouse,3,Yes,No,Stainless Steel,17800000,Wet,Continuous,Materials Handling,sample-247,Stainless Steel,NA
sample-59,WS.E3.2,no,Fall,Facilty1,Drain,Cold Storage,Warehouse,3,Yes,No,Stainless Steel,4500000,Dry,Continuous,Materials Handling,sample-59,Stainless Steel,NA
sample-62,WS.E4.2,no,Fall,Facilty1,Conveyor,Cold Storage,Warehouse,3,Yes,No,Stainless Steel,350,Dry,Continuous,Storage,sample-62,Stainless Steel,Weekly
sample-63,WS.E4.3,no,Winter,Facilty1,Conveyor,Cold Storage,Warehouse,3,Yes,No,Stainless Steel,80000,Dry,Continuous,Storage,sample-63,Stainless Steel,Weekly
sample-248,WS.E4.4,no,Spring,Facilty1,Conveyor,Cold Storage,Warehouse,3,Yes,No,Stainless Steel,29600,Dry,Continuous,Storage,sample-248,Stainless Steel,Weekly
sample-66,WS.E5.2,no,Fall,Facilty1,Conveyor,Cold Storage,Warehouse,3,Yes,No,Painted Metal,16600,Dry,Continuous,Storage,sample-66,Metal,Weekly
sample-67,WS.E5.3,no,Winter,Facilty1,Conveyor,Cold Storage,Warehouse,3,Yes,No,Painted Metal,15200,Dry,Continuous,Storage,sample-67,Metal,Weekly
sample-249,WS.E5.4,no,Spring,Facilty1,Conveyor,Cold Storage,Warehouse,3,Yes,No,Painted Metal,69200,Dry,Continuous,Storage,sample-249,Metal,Weekly
sample-69,WS.E6.2,no,Fall,Facilty1,Floor Object,Hallway,Office/Hallway,4,Yes,No,"Cement floor, painted cinderblock wall",2850,Dry,Continuous,Hallway,sample-69,"Cement floor, painted cinderblock wall",None/as needed
sample-70,WS.E6.3,no,Winter,Facilty1,Floor Object,Hallway,Office/Hallway,4,Yes,No,"Cement floor, painted cinderblock wall",2000,Dry,Continuous,Hallway,sample-70,"Cement floor, painted cinderblock wall",None/as needed
sample-250,WS.E6.4,no,Spring,Facilty1,Floor Object,Hallway,Office/Hallway,4,Yes,No,"Cement floor, painted cinderblock wall",1200,Dry,Continuous,Hallway,sample-250,"Cement floor, painted cinderblock wall",None/as needed
sample-72,WS.E7.3,no,Winter,Facilty1,Floor Object,Batch,Raw,3,Yes,No,Sealed Stone,3600000,Dry,Continuous,Production,sample-72,Sealed Stone,None/as needed
sample-251,WS.E7.4,no,Spring,Facilty1,Floor Object,Batch,Raw,3,Yes,No,Sealed Stone,11800000,Damp,Continuous,Production,sample-251,Sealed Stone,None/as needed
