"","Kingdom","Phylum","Class","Order","Family","Genus","Species"
"60e963dba5db57043967a6f95c443af4","k__Fungi","p__Ascomycota","c__Dothideomycetes","o__Pleosporales","f__Didymellaceae","g__Didymella","s__"
"884e783abddf50bda4d48ecabd768c1f","k__Fungi","p__Ascomycota","c__Sordariomycetes","o__Hypocreales","f__Nectriaceae","g__Fusarium","s__"
"0a1f60c99334a37028d9c46f4132b360","k__Fungi","p__Basidiomycota","c__Tremellomycetes","o__Trichosporonales","f__Trichosporonaceae","g__Cutaneotrichosporon","s__Cutaneotrichosporon_jirovecii"
"5e5a04489c0340b0a36d683ba8ba52c8","k__Fungi","p__Ascomycota","c__Saccharomycetes","o__Saccharomycetales","f__Dipodascaceae","g__Yarrowia","s__Yarrowia_lipolytica"
"9b3bab98ad1ea732e8b6384bce7b565a","k__Fungi","p__Basidiomycota","c__Tremellomycetes","o__Filobasidiales","f__Filobasidiaceae","g__Filobasidium","s__Filobasidium_magnum"
"301fb052937340235e7a792b2c9c9387","k__Fungi","p__Ascomycota","c__Saccharomycetes","o__Saccharomycetales","f__Dipodascaceae","g__Geotrichum","s__Geotrichum_candidum"
"be7075418a8e255e57e7ac27babf6c29","k__Fungi","p__Ascomycota","c__Dothideomycetes","o__Pleosporales","f__Cucurbitariaceae","g__Neocucurbitaria","s__Neocucurbitaria_irregularis"
"9652e29e523a25b480d1a91ee9f6940a","k__Fungi","p__Ascomycota","c__Eurotiomycetes","o__Eurotiales","f__Aspergillaceae","g__Penicillium","s__"
"4e3b7722c820e6fcca74d922224dd157","k__Fungi","p__Ascomycota","c__Eurotiomycetes","o__Eurotiales","f__Aspergillaceae","g__Aspergillus","s__Aspergillus_ruber"
"3f11638f83a3e9af2e9a0968720f84b4","k__Fungi","p__Ascomycota","c__Sordariomycetes","o__Hypocreales","f__Nectriaceae","g__Cosmospora","s__Cosmospora_sp"
"8470f68664f96b7288ef26b2a5829d31","k__Fungi","p__","c__","o__","f__","g__","s__"
"c3519270e269b92d3577ed450032bbc4","k__Fungi","p__Ascomycota","c__Eurotiomycetes","o__Eurotiales","f__Aspergillaceae","g__Penicillium","s__"
"d078395ab6f6d24d7badc1956a41ab6b","k__Fungi","p__Ascomycota","c__Sordariomycetes","o__Hypocreales","f__Nectriaceae","g__Cosmospora","s__Cosmospora_sp"
"bb9723a71a5d016633d9608d15ef44be","k__Fungi","p__Ascomycota","c__Saccharomycetes","o__Saccharomycetales","f__Debaryomycetaceae","g__Meyerozyma","s__Meyerozyma_guilliermondii"
"9e6789c57c188c6dad562f830b264821","k__Fungi","p__Ascomycota","c__Saccharomycetes","o__Saccharomycetales","f__Saccharomycetales_fam_Incertae_sedis","g__Candida","s__Candida_intermedia"
"7a07425bec9422aac20121f94389a5c9","k__Fungi","p__Ascomycota","c__Dothideomycetes","o__Capnodiales","f__Cladosporiaceae","g__Cladosporium","s__"
"bbdbc2d0d450aa4faee9a7dd415b948a","k__Fungi","p__Ascomycota","c__Eurotiomycetes","o__Chaetothyriales","f__Herpotrichiellaceae","g__Exophiala","s__Exophiala_castellanii"
"63751ed3b5b8b418e0c58774c1749e62","k__Fungi","p__Ascomycota","c__Saccharomycetes","o__Saccharomycetales","f__Saccharomycetales_fam_Incertae_sedis","g__Diutina","s__Diutina_catenulata"
"f9ab18cdec959f4dfe53c3a9950c8b22","k__Fungi","p__","c__","o__","f__","g__","s__"
"acd90ebebd5cdca0a466d698bec37810","k__Fungi","p__Ascomycota","c__Dothideomycetes","o__Capnodiales","f__Cladosporiaceae","g__Cladosporium","s__"
"362ab12a72b98172fbaae60868d2eeda","k__Fungi","p__Ascomycota","c__Saccharomycetes","o__Saccharomycetales","f__Dipodascaceae","g__Geotrichum","s__"
"129a88fa49d08cc3a6108dea5b7354e3","k__Fungi","p__Basidiomycota","c__Tremellomycetes","o__Filobasidiales","f__Filobasidiaceae","g__Naganishia","s__Naganishia_albida"
"443daea92367cc673972deb545b48cb5","k__Fungi","p__Ascomycota","c__Sordariomycetes","o__Hypocreales","f__Nectriaceae","g__Fusarium","s__Fusarium_mori"
"6ae5e5ed6c4287578ecbbc094565a29b","k__Fungi","p__Mucoromycota","c__Mucoromycetes","o__Mucorales","f__Mucoraceae","g__Mucor","s__Mucor_circinelloides"
"eafdb72dc014495e39971cad1f3a6ded","k__Fungi","p__Ascomycota","c__Eurotiomycetes","o__Eurotiales","f__Aspergillaceae","g__Penicillium","s__"
"0235f2f2b34ed74f06e622925bb322c0","k__Fungi","p__Basidiomycota","c__Tremellomycetes","o__Tremellales","f__Rhynchogastremataceae","g__Papiliotrema","s__Papiliotrema_fonsecae"
"2cb59fc7d02c10bcaf6f745dbe12db23","k__Fungi","p__","c__","o__","f__","g__","s__"
"8c707734e4bd5cfc2f816d96dbd5cbaa","k__Fungi","p__Ascomycota","c__Saccharomycetes","o__Saccharomycetales","f__Saccharomycetales_fam_Incertae_sedis","g__Candida","s__Candida_parapsilosis"
"ed3f25f1e707f0b6bd67b721a7306361","k__Fungi","p__","c__","o__","f__","g__","s__"
"ff9257fba628fd38c0472e17431cf29e","k__Fungi","p__Ascomycota","c__Sordariomycetes","o__Trichosphaeriales","f__Trichosphaeriaceae","g__Nigrospora","s__Nigrospora_oryzae"
"712b0208b622f352146df8dd3104ea08","k__Fungi","p__","c__","o__","f__","g__","s__"
"dcd2e5356d34114198ffe4c67a24078d","k__Fungi","p__Ascomycota","c__Sordariomycetes","o__Hypocreales","f__Nectriaceae","g__Bisifusarium","s__"
"c1fef5cda8f8211d1201a7544f2c4278","k__Fungi","p__Basidiomycota","c__Agaricomycetes","o__Polyporales","f__Polyporaceae","g__Trametes","s__"
"496e1a1b295e9d00e5fadc66ce61c873","k__Fungi","p__Basidiomycota","c__Tremellomycetes","o__Tremellales","f__Bulleribasidiaceae","g__Vishniacozyma","s__Vishniacozyma_victoriae"
"f3af4ec7cb1c66005945581b45175f0e","k__Fungi","p__Ascomycota","c__Saccharomycetes","o__Saccharomycetales","f__Saccharomycetaceae","g__Kazachstania","s__Kazachstania_unispora"
"4e340178a529bcf6a1393455406b85c2","k__Fungi","p__Basidiomycota","c__Tremellomycetes","o__Trichosporonales","f__Trichosporonaceae","g__Apiotrichum","s__Apiotrichum_domesticum"
"887857297d6bf35ecb8b016bfe779500","k__Fungi","p__Ascomycota","c__Sordariomycetes","o__Hypocreales","f__Nectriaceae","g__Fusarium","s__Fusarium_tonkinense"
"5d3b922a6aa194ac206e6d65c4985a67","k__Fungi","p__Ascomycota","c__Eurotiomycetes","o__Eurotiales","f__Aspergillaceae","g__Penicillium","s__Penicillium_brevicompactum"
"2679fa92637945c107dae1a2c67b4454","k__Fungi","p__Ascomycota","c__Eurotiomycetes","o__Eurotiales","f__Aspergillaceae","g__Penicillium","s__"
"13c34d1e5d9c6534fbc54f791411cce2","k__Fungi","p__Ascomycota","c__Sordariomycetes","o__Hypocreales","f__Nectriaceae","g__Fusicolla","s__"
"b47367fa4b4560c1a008c957f8043e41","k__Fungi","p__Ascomycota","c__Dothideomycetes","o__Dothideales","f__Saccotheciaceae","g__Aureobasidium","s__Aureobasidium_pullulans"
"5fea09177226c9fcf06d1adf484bee94","k__Fungi","p__Ascomycota","c__Sordariomycetes","o__Hypocreales","f__Nectriaceae","g__Fusicolla","s__Fusicolla_acetilerea"
"51d12d97dac869f396741a5990d48017","k__Fungi","p__Basidiomycota","c__Tremellomycetes","o__Tremellales","f__Bulleribasidiaceae","g__Vishniacozyma","s__"
"40b8041f63ebf63740c27f545393e351","k__Fungi","p__Basidiomycota","c__Agaricomycetes","o__Hymenochaetales","f__Rickenellaceae","g__Sidera","s__Sidera_vulgaris"
"270883e6ac07e2968629a6de7ce390aa","k__Fungi","p__Mucoromycota","c__Mucoromycetes","o__Mucorales","f__Rhizopodaceae","g__Rhizopus","s__Rhizopus_arrhizus"
"85354de9f6603dca46430c3dd2ce69aa","k__Fungi","p__","c__","o__","f__","g__","s__"
"fecfdc657c4f300818bd2ee31a81f2bc","k__Fungi","p__Basidiomycota","c__Agaricomycetes","o__Polyporales","f__Irpicaceae","g__Irpex","s__Irpex_hydnoides"
"d47fea0b184ab948c298d06f1554e21b","k__Fungi","p__Ascomycota","c__Dothideomycetes","o__Capnodiales","f__Cladosporiaceae","g__Verrucocladosporium","s__"
"0ad52385c1e27cc7fd5b749c7ed5fd26","k__Fungi","p__Ascomycota","c__Eurotiomycetes","o__Eurotiales","f__Aspergillaceae","g__Xeromyces","s__Xeromyces_bisporus"
"92a0c0eee3f089e956bd1b7c300443f9","k__Fungi","p__Basidiomycota","c__Tremellomycetes","o__Trichosporonales","f__Trichosporonaceae","g__Trichosporon","s__Trichosporon_asteroides"
"2bf60f2f00352dee0bf92df789815155","k__Fungi","p__Basidiomycota","c__Tremellomycetes","o__Tremellales","f__Cryptococcaceae","g__Cryptococcus","s__Cryptococcus_festucosus"
"3d5503fc5c3e009def24de8b9d7f71c0","k__Fungi","p__Ascomycota","c__Saccharomycetes","o__Saccharomycetales","f__Saccharomycetales_fam_Incertae_sedis","g__Diutina","s__"
"692ba516c9e0659bfb0ce31465506561","k__Fungi","p__Ascomycota","c__Sordariomycetes","o__Hypocreales","f__Hypocreaceae","g__Trichoderma","s__"
"ea400461bde4dd4879478c62a494508a","k__Fungi","p__Ascomycota","c__Leotiomycetes","o__Helotiales","f__Discinellaceae","g__","s__"
"464aa38388d0e73eb386fe1894fb8151","k__Fungi","p__Ascomycota","c__Dothideomycetes","o__Capnodiales","f__Cladosporiaceae","g__Cladosporium","s__"
"5023314736d85a6a945bf82481e79ade","k__Fungi","p__Ascomycota","c__Dothideomycetes","o__Capnodiales","f__Cladosporiaceae","g__Cladosporium","s__"
"074b6934b72233122245b0fd2ed8980f","k__Fungi","p__Basidiomycota","c__Cystobasidiomycetes","o__Cystobasidiales","f__Cystobasidiaceae","g__Cystobasidium","s__Cystobasidium_slooffiae"
"7cb56846933987e55b13d30ff53e8c9b","k__Fungi","p__Ascomycota","c__Eurotiomycetes","o__Chaetothyriales","f__Herpotrichiellaceae","g__Exophiala","s__"
"e9a80e01ef561cb0d48295ce7717c488","k__Fungi","p__Basidiomycota","c__Tremellomycetes","o__Trichosporonales","f__Trichosporonaceae","g__Cutaneotrichosporon","s__Cutaneotrichosporon_cutaneum"
"e53c8f2033584af0e88317220019bab6","k__Fungi","p__Ascomycota","c__Sordariomycetes","o__Glomerellales","f__Plectosphaerellaceae","g__Chordomyces","s__Chordomyces_antarcticus"
"cc15820c656a87403e69077346781dae","k__Fungi","p__","c__","o__","f__","g__","s__"
"6cd929b3c42690af578cd536fa0ae452","k__Fungi","p__Ascomycota","c__Dothideomycetes","o__Pleosporales","f__Pleosporaceae","g__Alternaria","s__"
"40432ff2c989c4d3354ea514c3cd3885","k__Fungi","p__Ascomycota","c__Eurotiomycetes","o__Eurotiales","f__Aspergillaceae","g__Penicillium","s__"
"8ec873a5d9bc71c54b474ebca0036c52","k__Fungi","p__","c__","o__","f__","g__","s__"
"6ca8d94622df19a01de6ca683e89bad0","k__Fungi","p__Ascomycota","c__Dothideomycetes","o__","f__","g__","s__"
"5f6e0af2cf6a1ca3a9e8b2d384329200","k__Fungi","p__Ascomycota","c__Saccharomycetes","o__Saccharomycetales","f__Debaryomycetaceae","g__Debaryomyces","s__Debaryomyces_prosopidis"
"b9576cac2010d2f88f16e2b1c205889f","k__Fungi","p__Ascomycota","c__Eurotiomycetes","o__Chaetothyriales","f__Herpotrichiellaceae","g__Exophiala","s__Exophiala_mali"
"1a3a0a750a99d7c8a9750ddc2b77cca6","k__Fungi","p__Mucoromycota","c__Mucoromycetes","o__Mucorales","f__Mucoraceae","g__Mucor","s__Mucor_racemosus"
"72cac878f56dcbc662c1eb383cf10676","k__Fungi","p__Basidiomycota","c__Malasseziomycetes","o__Malasseziales","f__Malasseziaceae","g__Malassezia","s__Malassezia_restricta"
"89fc352d3d10d6124dee3630f3d1aea4","k__Fungi","p__Ascomycota","c__Dothideomycetes","o__Pleosporales","f__Didymellaceae","g__","s__"
"b6401726d495310d108ba959d8568355","k__Fungi","p__","c__","o__","f__","g__","s__"
"bb1f9d88b09ebe5a911839d29aa417c0","k__Fungi","p__Ascomycota","c__Taphrinomycetes","o__Taphrinales","f__Taphrinaceae","g__Taphrina","s__Taphrina_letifera"
"13d431d3ba5fff6dcffb87c45a0f39a5","k__Fungi","p__Ascomycota","c__Dothideomycetes","o__Mycosphaerellales","f__Mycosphaerellaceae","g__Ramularia","s__"
"7824f1adb3f57a1a2eb260d3a0bbbc1e","k__Fungi","p__Ascomycota","c__Eurotiomycetes","o__Eurotiales","f__Aspergillaceae","g__Penicillium","s__Penicillium_aethiopicum"
"f8dc1b8fe81e1bb625191698f626f785","k__Fungi","p__Ascomycota","c__Dothideomycetes","o__Mycosphaerellales","f__Mycosphaerellaceae","g__Ramularia","s__"
"c95e85cf07e9f572592b9ff2631ad2cc","k__Fungi","p__","c__","o__","f__","g__","s__"
"ed955f1d90e8d8afccfea60c4d68dbd1","k__Fungi","p__Ascomycota","c__Eurotiomycetes","o__Eurotiales","f__Aspergillaceae","g__Paecilomyces","s__Paecilomyces_fulvus"
"8921bbcd327294ddf31d3ee2be149a0a","k__Fungi","p__Ascomycota","c__Saccharomycetes","o__Saccharomycetales","f__Trichomonascaceae","g__Wickerhamiella","s__Wickerhamiella_pararugosa"
"f5550f4e48a3884b4cb2bbcf048afa07","k__Fungi","p__Ascomycota","c__Dothideomycetes","o__Pleosporales","f__Didymellaceae","g__","s__"
"c154b8360e269fd36cfa54cb37cacf39","k__Fungi","p__Ascomycota","c__Leotiomycetes","o__Helotiales","f__Sclerotiniaceae","g__Botrytis","s__Botrytis_caroliniana"
"e5e437e142e5096643f07d7a3d1012f6","k__Fungi","p__Ascomycota","c__Sordariomycetes","o__Sordariales","f__Chaetomiaceae","g__Chaetomium","s__Chaetomium_globosum"
"a71588f42ef450a8416b2dd07766683a","k__Fungi","p__","c__","o__","f__","g__","s__"
"db8269e86eb1161858b2018e903fc3d7","k__Fungi","p__Basidiomycota","c__Microbotryomycetes","o__Sporidiobolales","f__Sporidiobolaceae","g__Rhodotorula","s__Rhodotorula_mucilaginosa"
"a96a2787b6fb4a71553f23f1da596032","k__Fungi","p__","c__","o__","f__","g__","s__"
"7f32b3cae15f904b9027e94a22e131f3","k__Fungi","p__Ascomycota","c__Sordariomycetes","o__Hypocreales","f__Hypocreaceae","g__Trichoderma","s__"
"f6c905e93cbc08055f84d852eae23aba","k__Fungi","p__Ascomycota","c__Dothideomycetes","o__Pleosporales","f__Cucurbitariaceae","g__Neocucurbitaria","s__Neocucurbitaria_irregularis"
"3e795a8f77440fee2251b1a874502f00","k__Fungi","p__Ascomycota","c__Saccharomycetes","o__Saccharomycetales","f__Saccharomycetales_fam_Incertae_sedis","g__Candida","s__Candida_sojae"
"87cd4e9f3408dab14eb5ad2628888b7e","k__Fungi","p__Ascomycota","c__Saccharomycetes","o__Saccharomycetales","f__Phaffomycetaceae","g__Cyberlindnera","s__Cyberlindnera_jadinii"
"4c02220ccf445bd7ed7ef389cf07d9e2","k__Fungi","p__Basidiomycota","c__Tremellomycetes","o__Trichosporonales","f__Trichosporonaceae","g__Apiotrichum","s__Apiotrichum_gracile"
"e12fa316264afbec4c09f35822950296","k__Fungi","p__Basidiomycota","c__Tremellomycetes","o__Trichosporonales","f__Trichosporonaceae","g__Cutaneotrichosporon","s__Cutaneotrichosporon_curvatum"
"a7a8b5fdabeb863bb4de3f6632e22ec7","k__Fungi","p__Ascomycota","c__Dothideomycetes","o__Pleosporales","f__Didymellaceae","g__","s__"
"203de72faf5a1a322d7338284472228b","k__Fungi","p__Ascomycota","c__Saccharomycetes","o__Saccharomycetales","f__Trichomonascaceae","g__Wickerhamiella","s__Wickerhamiella_pararugosa"
"5f44a570e68fff74d8e4c384bcce36e0","k__Fungi","p__","c__","o__","f__","g__","s__"
"057ab5d2c689ad0ce8233f8876bfbcf6","k__Fungi","p__","c__","o__","f__","g__","s__"
"a4fb45ac2d41bc85ad3ba04f7fba6566","k__Fungi","p__Basidiomycota","c__Agaricomycetes","o__Hymenochaetales","f__Hymenochaetaceae","g__Hymenochaete","s__Hymenochaete_sp"
"7d7b6ee5a13ac913205df8485da4335f","k__Fungi","p__Ascomycota","c__Eurotiomycetes","o__Eurotiales","f__Aspergillaceae","g__Aspergillus","s__Aspergillus_versicolor"
"56c4478f4da7d5c9545f91c8ae2a0306","k__Fungi","p__","c__","o__","f__","g__","s__"
"f4b23fc0115c3a162a0aadca5d38ba89","k__Fungi","p__Basidiomycota","c__Agaricomycetes","o__Russulales","f__Peniophoraceae","g__Peniophora","s__Peniophora_nuda"
"9fa704ce6e839b52abb96d7833e21766","k__Fungi","p__Ascomycota","c__Dothideomycetes","o__Dothideales","f__Saccotheciaceae","g__Aureobasidium","s__Aureobasidium_pullulans"
"54d71a61792decdf5d0af87edf41a8ca","k__Fungi","p__Ascomycota","c__Eurotiomycetes","o__Chaetothyriales","f__Cyphellophoraceae","g__Cyphellophora","s__Cyphellophora_olivacea"
"09587609cce3f5243bdbe0fe6ddd48ee","k__Fungi","p__Ascomycota","c__Saccharomycetes","o__Saccharomycetales","f__Saccharomycetales_fam_Incertae_sedis","g__Candida","s__Candida_orthopsilosis"
"fafd9086302a21c2fcdea30ad5404c1b","k__Fungi","p__","c__","o__","f__","g__","s__"
"936f8b369fad5964c21ebcb069191a84","k__Fungi","p__Ascomycota","c__Saccharomycetes","o__Saccharomycetales","f__Saccharomycetales_fam_Incertae_sedis","g__Candida","s__Candida_derodonti"
"ba2e4524e404d77a3ae8f67a8610d860","k__Fungi","p__Basidiomycota","c__Tremellomycetes","o__Filobasidiales","f__Filobasidiaceae","g__Naganishia","s__"
"31ed416a13449fcf6929123b173f5956","k__Fungi","p__Ascomycota","c__Sordariomycetes","o__Hypocreales","f__Cordycipitaceae","g__Gamszarea","s__Gamszarea_microspora"
"a8b4345a25b75cc2860966be8b2e443f","k__Fungi","p__Ascomycota","c__Dothideomycetes","o__Pleosporales","f__Didymellaceae","g__","s__"
"2ba9ec1402cda2e64adbc9363041ac62","k__Fungi","p__Ascomycota","c__Dothideomycetes","o__Pleosporales","f__Pleosporaceae","g__Alternaria","s__Alternaria_papavericola"
"739be518b4431d8b56ed1e8b4c5a3695","k__Fungi","p__Ascomycota","c__Sordariomycetes","o__Hypocreales","f__Nectriaceae","g__Fusarium","s__Fusarium_nygamai"
"cda8e063f61d8cf0c43e14d349f5f521","k__Fungi","p__Ascomycota","c__Sordariomycetes","o__Hypocreales","f__Hypocreales_fam_Incertae_sedis","g__Sarocladium","s__Sarocladium_kiliense"
"e2c831a64c3278fedafd2f57965c2655","k__Fungi","p__Ascomycota","c__Eurotiomycetes","o__Chaetothyriales","f__Trichomeriaceae","g__Knufia","s__"
"b7486687629795b1af3b1b9a956fb2b4","k__Fungi","p__Basidiomycota","c__Tremellomycetes","o__Tremellales","f__Bulleribasidiaceae","g__Vishniacozyma","s__Vishniacozyma_insularis"
"1141b57fa374edbe4bd30bebb88d7626","k__Fungi","p__Ascomycota","c__Saccharomycetes","o__Saccharomycetales","f__Metschnikowiaceae","g__Clavispora","s__Clavispora_lusitaniae"
"657413d734b21202c1fb697c976c9696","k__Fungi","p__","c__","o__","f__","g__","s__"
"1c97ea30ea0bb81d51045b69187319bd","k__Fungi","p__","c__","o__","f__","g__","s__"
"2fb6211cd68d99e79952ec75355abaa6","k__Fungi","p__Ascomycota","c__Saccharomycetes","o__Saccharomycetales","f__Saccharomycetaceae","g__Issatchenkia","s__Issatchenkia_orientalis"
"4e2ac0994d397c2f20b588f4cf7e0abc","k__Fungi","p__Ascomycota","c__Eurotiomycetes","o__Eurotiales","f__Aspergillaceae","g__Talaromyces","s__Talaromyces_rugulosus"
"2ecf1cc7b933fc4fe555210cb3ca0bef","k__Fungi","p__","c__","o__","f__","g__","s__"
"51fd308d82fd63c44187c02ed2a6acb4","k__Fungi","p__","c__","o__","f__","g__","s__"
"3dfacb40419dfc7b9839706b4bb84454","k__Fungi","p__Ascomycota","c__Eurotiomycetes","o__Chaetothyriales","f__Herpotrichiellaceae","g__Exophiala","s__Exophiala_cancerae"
"9b1d8edeb535ff6546b1facefed8efa9","k__Fungi","p__Basidiomycota","c__Malasseziomycetes","o__Malasseziales","f__Malasseziaceae","g__Malasseziaceae_gen_Incertae_sedis","s__Malasseziaceae_sp"
"35798aa7ff0c298bd5caf34a09e9db9d","k__Fungi","p__Ascomycota","c__Dothideomycetes","o__Pleosporales","f__Dictyosporiaceae","g__Dictyosporiaceae_gen_Incertae_sedis","s__Dictyosporiaceae_sp"
"587a465ab092178cfc200e90de202cc9","k__Fungi","p__Ascomycota","c__Dothideomycetes","o__","f__","g__","s__"
"90f6e4a6c10a6b52c5a604726db5dba1","k__Fungi","p__Ascomycota","c__Eurotiomycetes","o__Chaetothyriales","f__Trichomeriaceae","g__Knufia","s__"
"9f3868857b3f81a069a6ee26f61a98cf","k__Fungi","p__Basidiomycota","c__Microbotryomycetes","o__Sporidiobolales","f__Sporidiobolaceae","g__Rhodosporidiobolus","s__Rhodosporidiobolus_colostri"
"956bc6eaa50e04fa0b1ccd3834ff12b9","k__Fungi","p__Ascomycota","c__Sordariomycetes","o__Sordariales","f__Chaetomiaceae","g__Chaetomium","s__Chaetomium_capillare"
"db9f9c940d4e036f2f4a6db84354f6a6","k__Fungi","p__Ascomycota","c__Saccharomycetes","o__Saccharomycetales","f__Trichomonascaceae","g__Wickerhamiella","s__"
"bceb90ff8f5cafd78c0c146b7d40223e","k__Fungi","p__","c__","o__","f__","g__","s__"
"8ffbe5bb2f6da6b41002ef76a9ba7fee","k__Fungi","p__Ascomycota","c__Dothideomycetes","o__Pleosporales","f__Didymosphaeriaceae","g__Pseudopithomyces","s__"
"190474eba348958f7275b7161ac8bff2","k__Fungi","p__","c__","o__","f__","g__","s__"
"cde0ac1be9525be3614b2a156f19dab5","k__Fungi","p__","c__","o__","f__","g__","s__"
"f6d9b17d11917277049a432902401bbf","k__Fungi","p__","c__","o__","f__","g__","s__"
"2550aed5d5b67d25c8e6f79430e38148","k__Fungi","p__Basidiomycota","c__Tremellomycetes","o__Cystofilobasidiales","f__Cystofilobasidiaceae","g__Cystofilobasidium","s__Cystofilobasidium_infirmominiatum"
"7d679239cd1e46de5180c6971f6747ae","k__Fungi","p__","c__","o__","f__","g__","s__"
"3a2f84f6723ea223eb149527717b9488","k__Fungi","p__","c__","o__","f__","g__","s__"
"9e70199570a556a7becd0063bbd53f95","k__Fungi","p__","c__","o__","f__","g__","s__"
"0140a1445d4e4f88c4ae98fb9a98a5e7","k__Fungi","p__","c__","o__","f__","g__","s__"
"822243450d57fc7027d2a889ba369602","k__Fungi","p__Ascomycota","c__Sordariomycetes","o__Hypocreales","f__Nectriaceae","g__Fusarium","s__Fusarium_sacchari"
"2dfb83219040d3c3a987270bc8d4e94d","k__Fungi","p__Basidiomycota","c__Malasseziomycetes","o__Malasseziales","f__Malasseziaceae","g__Malassezia","s__Malassezia_restricta"
"f958708b7b892ce5689054a983370754","k__Fungi","p__Ascomycota","c__Sordariomycetes","o__Microascales","f__Microascaceae","g__Parascedosporium","s__Parascedosporium_putredinis"
"38184306379087575e07d485dd5c6da5","k__Fungi","p__Ascomycota","c__Sordariomycetes","o__Hypocreales","f__Hypocreaceae","g__Trichoderma","s__"
"9bc6fa5e4470bad55d3a495d0c075a0b","k__Fungi","p__Ascomycota","c__Eurotiomycetes","o__Eurotiales","f__Aspergillaceae","g__Penicillium","s__Penicillium_thomii"
"1ea41e6a1e89af7d249fd08bac9a16be","k__Fungi","p__Ascomycota","c__Sordariomycetes","o__Hypocreales","f__Hypocreales_fam_Incertae_sedis","g__Acremonium","s__"
"9f2a554c014583c6978d8eaa9d7a0e98","k__Fungi","p__Ascomycota","c__Sordariomycetes","o__Hypocreales","f__Bionectriaceae","g__Clonostachys","s__Clonostachys_rosea"
"73255e567e04277551d70e9f247abe32","k__Fungi","p__Ascomycota","c__Saccharomycetes","o__Saccharomycetales","f__Pichiaceae","g__Pichia","s__Pichia_fermentans"
"8eb53da0b47840080212f5eac81f20db","k__Fungi","p__","c__","o__","f__","g__","s__"
"324b63c747ec6319ef6e388b001cc83b","k__Fungi","p__Ascomycota","c__Leotiomycetes","o__Helotiales","f__Mollisiaceae","g__Phialocephala","s__Phialocephala_bamuru"
"fa022321374c4be5986270b7399577a0","k__Fungi","p__Ascomycota","c__","o__","f__","g__","s__"
"b5f04892c994054402a518360bcd94dc","k__Fungi","p__Basidiomycota","c__Agaricomycetes","o__Polyporales","f__Phanerochaetaceae","g__Hyphodermella","s__Hyphodermella_rosae"
"f6ea51505b5f366ad5c937ddeb6369fc","k__Fungi","p__","c__","o__","f__","g__","s__"
"312f38ce02c334142034610b429ec039","k__Fungi","p__","c__","o__","f__","g__","s__"
"5e1409d5b292be5f44ee8912eab9c7e3","k__Fungi","p__Ascomycota","c__Dothideomycetes","o__Mycosphaerellales","f__Mycosphaerellaceae","g__Ramularia","s__Ramularia_gaultheriae"
"fa0050368f91db0b91c700df476d99d4","k__Fungi","p__Ascomycota","c__Dothideomycetes","o__Capnodiales","f__Cladosporiaceae","g__Toxicocladosporium","s__"
"9e9dc6747af94e3c641178db1d3130c9","k__Fungi","p__Ascomycota","c__Sordariomycetes","o__Diaporthales","f__Gnomoniaceae","g__","s__"
"faf0e4021f6c66b29447e1ee6802977f","k__Fungi","p__Ascomycota","c__Sordariomycetes","o__Microascales","f__Microascaceae","g__Cephalotrichum","s__Cephalotrichum_stemonitis"
"9d55f916e40d1f543ca8b8fe232f6ba5","k__Fungi","p__Ascomycota","c__Saccharomycetes","o__Saccharomycetales","f__Trichomonascaceae","g__Wickerhamiella","s__Wickerhamiella_pararugosa"
"35b3e4e0d61aaea5f0ea3d10f437fe23","k__Fungi","p__Ascomycota","c__Dothideomycetes","o__Dothideales","f__Zalariaceae","g__Zalaria","s__Zalaria_obscura"
"356bced4384496dd6579a93c08e5c066","k__Fungi","p__Ascomycota","c__Dothideomycetes","o__Dothideales","f__Dothioraceae","g__Hormonema","s__Hormonema_macrosporum"
"72d1cefd71d667a5463983f335ad7712","k__Fungi","p__Ascomycota","c__Eurotiomycetes","o__Eurotiales","f__Aspergillaceae","g__Penicillium","s__Penicillium_melinii"
"79d5725848f621bf7c3cfeb6feae8de8","k__Fungi","p__","c__","o__","f__","g__","s__"
"010a7678930773cd20575d32f9e89d41","k__Fungi","p__","c__","o__","f__","g__","s__"
"4cd5e593e6d1020ab39c7a760a18e380","k__Fungi","p__Basidiomycota","c__Agaricomycetes","o__Hymenochaetales","f__Hymenochaetales_fam_Incertae_sedis","g__Trichaptum","s__Trichaptum_biforme"
"66c6c426759d443ac166461cc210f355","k__Fungi","p__Ascomycota","c__Leotiomycetes","o__Helotiales","f__Hyaloscyphaceae","g__Venturiocistella","s__Venturiocistella_sp"
"c5d308a3a673c5da0e642a8b89c4f1ab","k__Fungi","p__Ascomycota","c__Dothideomycetes","o__Pleosporales","f__Pleosporaceae","g__Alternaria","s__"
"6e679d8024f035005060cdce1ec32bf0","k__Fungi","p__Ascomycota","c__Dothideomycetes","o__","f__","g__","s__"
"edb2368ed5bcde867d8d9bd01f427d73","k__Fungi","p__Ascomycota","c__","o__","f__","g__","s__"
"b638b6de69362b3d6a14a839d5d62a04","k__Fungi","p__Ascomycota","c__Leotiomycetes","o__Thelebolales","f__Thelebolaceae","g__Thelebolus","s__Thelebolus_sp"
"edda54bc408e110282479a954001bee6","k__Fungi","p__Ascomycota","c__Dothideomycetes","o__Capnodiales","f__Neodevriesiaceae","g__Neodevriesia","s__Neodevriesia_sp"
"ed232fd04b7a46e12a7a123cd559f0a4","k__Fungi","p__Ascomycota","c__Saccharomycetes","o__Saccharomycetales","f__Trichomonascaceae","g__Wickerhamiella","s__"
"c769b24a5aa5eecf7dc72718d83b8915","k__Fungi","p__","c__","o__","f__","g__","s__"
"4a979c8ada40bd4729e78033e8af3b39","k__Fungi","p__Ascomycota","c__Sordariomycetes","o__Hypocreales","f__Ophiocordycipitaceae","g__Hantamomyces","s__Hantamomyces_aloidendri"
"d7fd968fdf59f33e42937ca7e2aafad3","k__Fungi","p__Ascomycota","c__Dothideomycetes","o__Pleosporales","f__Didymellaceae","g__Neoascochyta","s__Neoascochyta_desmazieri"
"50f954b1512b4a78e1ee822de47487b1","k__Fungi","p__Ascomycota","c__Sordariomycetes","o__Hypocreales","f__Cordycipitaceae","g__","s__"
"dbb0ae9af65e733b63d3939bafc11540","k__Fungi","p__Basidiomycota","c__Tremellomycetes","o__Trichosporonales","f__Trichosporonaceae","g__Vanrija","s__Vanrija_thermophila"
"9aa003a2ebbe385842b2cdaa0606120e","k__Fungi","p__","c__","o__","f__","g__","s__"
"2f53aac901da8932fb9053ce9f8e076f","k__Fungi","p__Basidiomycota","c__Agaricomycetes","o__Trechisporales","f__Trechisporales_fam_Incertae_sedis","g__Sistotremastrum","s__Sistotremastrum_guttuliferum"
"0c867db7e8913a9bce1f53b8c11653f5","k__Fungi","p__Ascomycota","c__Eurotiomycetes","o__Eurotiales","f__Aspergillaceae","g__Aspergillus","s__Aspergillus_penicillioides"
"2b0bdc2350b0c14942963ca26fd47cb0","k__Fungi","p__Ascomycota","c__Dothideomycetes","o__Neophaeothecales","f__Neophaeothecaceae","g__Neophaeotheca","s__Neophaeotheca_salicorniae"
"4e7dafae6b34beba5510aa7bf411e021","k__Fungi","p__Ascomycota","c__Eurotiomycetes","o__Eurotiales","f__Aspergillaceae","g__Aspergillus","s__Aspergillus_insuetus"
"71362f97203bd4089f3b510c6fa37893","k__Fungi","p__Ascomycota","c__Eurotiomycetes","o__Onygenales","f__Ascosphaeraceae","g__Ascosphaera","s__Ascosphaera_subglobosa"
"1632335531c20f507c9ca1bf6a1b73ba","k__Fungi","p__Ascomycota","c__Leotiomycetes","o__Rhytismatales","f__Rhytismataceae","g__Rhytisma","s__Rhytisma_americanum"
"bd0318fffd5645c81cb2bac5e8ce783f","k__Fungi","p__Basidiomycota","c__Agaricomycetes","o__Agaricales","f__Lycoperdaceae","g__","s__"
"84852c0649e27ebe902abc59001cbd0f","k__Fungi","p__","c__","o__","f__","g__","s__"
"667a2239b5a8320dfd0e512f22e45f4f","k__Fungi","p__Basidiomycota","c__Tremellomycetes","o__Tremellales","f__Rhynchogastremataceae","g__","s__"
"e37c1f6a5483524bb3a1153d5e59c1e9","k__Fungi","p__Ascomycota","c__Sordariomycetes","o__Hypocreales","f__Hypocreaceae","g__Trichoderma","s__"
"a81fb335742d401fd861671917e14430","k__Fungi","p__Basidiomycota","c__Tremellomycetes","o__Tremellales","f__Cryptococcaceae","g__Cryptococcus","s__Cryptococcus_uniguttulatus"
"190cc0f6fa30e0437bf3aa81beee52b6","k__Fungi","p__Ascomycota","c__Eurotiomycetes","o__Eurotiales","f__Aspergillaceae","g__Penicillium","s__Penicillium_implicatum"
"5dd374a392153fdb54cbe791dfa0b0eb","k__Fungi","p__Ascomycota","c__Eurotiomycetes","o__Eurotiales","f__Aspergillaceae","g__Aspergillus","s__Aspergillus_reticulatus"
"41495152347093fece7197ece73d960a","k__Fungi","p__","c__","o__","f__","g__","s__"
"469a91be377b7ed4d5b153aa7e3eeab2","k__Fungi","p__Basidiomycota","c__Agaricomycetes","o__Russulales","f__Peniophoraceae","g__Peniophora","s__Peniophora_versiformis"
"3ced21e5563ab1cb2e75ac52568c172a","k__Fungi","p__Ascomycota","c__Saccharomycetes","o__Saccharomycetales","f__Saccharomycetaceae","g__Issatchenkia","s__Issatchenkia_orientalis"
"b975dd931ec2daaa8cb931a3c5f46cd2","k__Fungi","p__Ascomycota","c__Dothideomycetes","o__Pleosporales","f__Phaeosphaeriaceae","g__Parastagonospora","s__Parastagonospora_nodorum"
"ff073d4e96becaf2eabfe1d12baf9999","k__Fungi","p__Ascomycota","c__Dothideomycetes","o__Pleosporales","f__Didymosphaeriaceae","g__","s__"
"abeb3439f4cd4399359ebad6c53cc945","k__Fungi","p__Ascomycota","c__Leotiomycetes","o__Helotiales","f__Myxotrichaceae","g__","s__"
"c09526fa0e9e907c08191bb98f82a9aa","k__Fungi","p__Basidiomycota","c__Agaricomycetes","o__Cantharellales","f__Botryobasidiaceae","g__Botryobasidium","s__Botryobasidium_candicans"
"54d63b8957a913d7ca8abbe06af00d01","k__Fungi","p__Ascomycota","c__Eurotiomycetes","o__Eurotiales","f__Aspergillaceae","g__Aspergillus","s__Aspergillus_penicillioides"
"6de39f0f4896c6db76fd60efd3b58afe","k__Fungi","p__Basidiomycota","c__Tremellomycetes","o__Filobasidiales","f__Piskurozymaceae","g__Piskurozyma","s__Piskurozyma_capsuligena"
"ace23efe82f354f25a17afa7a85e82aa","k__Fungi","p__Ascomycota","c__Dothideomycetes","o__","f__","g__","s__"
"3843cb6ef52700f8814d89178309ebb9","k__Fungi","p__Ascomycota","c__Sordariomycetes","o__Coniochaetales","f__Coniochaetaceae","g__Coniochaeta","s__"
"65ccccc16606bff41556a7753e1c001c","k__Fungi","p__Basidiomycota","c__Agaricomycetes","o__Hymenochaetales","f__Hymenochaetales_fam_Incertae_sedis","g__Trichaptum","s__Trichaptum_biforme"
"6f0c3b985f8fd9eb013ddc2797081a41","k__Fungi","p__Ascomycota","c__Eurotiomycetes","o__Chaetothyriales","f__Herpotrichiellaceae","g__Exophiala","s__Exophiala_oligosperma"
"e397b67ebad74edd829a5874220b9cbd","k__Fungi","p__Basidiomycota","c__Tremellomycetes","o__Cystofilobasidiales","f__Mrakiaceae","g__Tausonia","s__Tausonia_pullulans"
"d02764bdf2cfc9c30443a27eaedf3388","k__Fungi","p__Ascomycota","c__Leotiomycetes","o__Helotiales","f__","g__","s__"
"696af6a98e452b8cebde2af2ae55684b","k__Fungi","p__Ascomycota","c__Saccharomycetes","o__Saccharomycetales","f__Pichiaceae","g__Pichia","s__Pichia_membranifaciens"
"b355504577534baf42097962e6046904","k__Fungi","p__Ascomycota","c__Eurotiomycetes","o__Chaetothyriales","f__Trichomeriaceae","g__Lithohypha","s__Lithohypha_aloicola"
"0681b8546c3e69af0f78fcb3cb856e2d","k__Fungi","p__Ascomycota","c__Eurotiomycetes","o__Eurotiales","f__Aspergillaceae","g__Aspergillus","s__Aspergillus_brasiliensis"
"cdd1216fe7d693e23067c52b22ef08ad","k__Fungi","p__Ascomycota","c__","o__","f__","g__","s__"
"f2cfa046e2c5582210ca9f1f10a05f11","k__Fungi","p__","c__","o__","f__","g__","s__"
"dd1d3ad2e9be94eab701b5037b7987f4","k__Fungi","p__Basidiomycota","c__Tremellomycetes","o__Tremellales","f__Bulleribasidiaceae","g__Vishniacozyma","s__Vishniacozyma_tephrensis"
"788daf3c3080194195b2879c314e338d","k__Fungi","p__Ascomycota","c__Dothideomycetes","o__Mycosphaerellales","f__Mycosphaerellaceae","g__Sphaerulina","s__Sphaerulina_pelargonii"
"a2234eb247b9924bc5e52aec0d0b053c","k__Fungi","p__Ascomycota","c__Eurotiomycetes","o__Chaetothyriales","f__Trichomeriaceae","g__Knufia","s__Knufia_hypolithi"
"37f71e534d6a8b37579615ad087f5df6","k__Fungi","p__","c__","o__","f__","g__","s__"
"32f78e34dd9e610cbfc9ee88619d04ef","k__Fungi","p__Chytridiomycota","c__Spizellomycetes","o__Spizellomycetales","f__Spizellomycetales_fam_Incertae_sedis","g__Spizellomycetales_gen_Incertae_sedis","s__Spizellomycetales_sp"
"b90652b7bd3c7f09f04da26da63016e7","k__Fungi","p__Ascomycota","c__Dothideomycetes","o__Mycosphaerellales","f__Mycosphaerellaceae","g__Ramularia","s__"
"84a96a12e0915029a3f303c3ff6c6afb","k__Fungi","p__Ascomycota","c__Eurotiomycetes","o__Eurotiales","f__Aspergillaceae","g__Penicillium","s__Penicillium_decumbens"
"90f76e88fd9add1d3cd7b1ebb5a0d210","k__Fungi","p__Ascomycota","c__Eurotiomycetes","o__Eurotiales","f__Aspergillaceae","g__Aspergillus","s__Aspergillus_penicillioides"
"54d382c0712f01e3e48935c102bd36d6","k__Fungi","p__","c__","o__","f__","g__","s__"
"0c23924dc7bff11d3f719727c88b424f","k__Fungi","p__","c__","o__","f__","g__","s__"
"297ae0e25974d54e53a25e3bf55ca268","k__Fungi","p__Ascomycota","c__Eurotiomycetes","o__Eurotiales","f__Aspergillaceae","g__Penicillium","s__Penicillium_digitatum"
"9452458d026aa3f7192c692bd637baac","k__Fungi","p__Ascomycota","c__","o__","f__","g__","s__"
"dbbe14734255bbe84be05064a1b154fe","k__Fungi","p__Ascomycota","c__Saccharomycetes","o__Saccharomycetales","f__Trichomonascaceae","g__Wickerhamiella","s__"
"8f44cc8db7bced9353268d8948209efa","k__Fungi","p__Ascomycota","c__Sordariomycetes","o__Coniochaetales","f__Coniochaetaceae","g__Coniochaeta","s__"
"c5d291ccd9069d3ffbedd0a52cad3a3a","k__Fungi","p__Basidiomycota","c__Agaricomycetes","o__Polyporales","f__Polyporaceae","g__Polyporus","s__Polyporus_sp"
"89de8abd4ec725db77514dc29261b0b1","k__Fungi","p__","c__","o__","f__","g__","s__"
"04b3e4f1386ee7601ff82c467bf285cc","k__Fungi","p__Ascomycota","c__Eurotiomycetes","o__Chaetothyriales","f__Trichomeriaceae","g__Trichomerium","s__Trichomerium_dioscoreae"
"93f529adea5786cad731c3b5a1ca69b4","k__Fungi","p__Basidiomycota","c__Tremellomycetes","o__Trichosporonales","f__Trichosporonaceae","g__Cutaneotrichosporon","s__"
"0dac8c406d541554abbf0f744821b95a","k__Fungi","p__","c__","o__","f__","g__","s__"
"07951004fd6dfb52f71c69ac17882a2d","k__Fungi","p__","c__","o__","f__","g__","s__"
"f2cc22842cbcb5802b32146e38220a29","k__Fungi","p__Basidiomycota","c__Agaricomycetes","o__Polyporales","f__Phanerochaetaceae","g__Bjerkandera","s__"
"286d40cd7ef6de01ee30de536a9d0096","k__Fungi","p__Basidiomycota","c__Agaricomycetes","o__Hymenochaetales","f__Hymenochaetales_fam_Incertae_sedis","g__Skvortzovia","s__Skvortzovia_furfuracea"
"ab787bace65f6bab28045d3ba66f400d","k__Fungi","p__Basidiomycota","c__Tremellomycetes","o__Tremellales","f__Bulleribasidiaceae","g__Vishniacozyma","s__Vishniacozyma_foliicola"
"0036b2adce21099c219c6803d6b699d6","k__Fungi","p__Ascomycota","c__Dothideomycetes","o__Pleosporales","f__Phaeosphaeriaceae","g__Leptospora","s__Leptospora_rubella"
"49408c84df51dbc0a1c84b45eb756de8","k__Fungi","p__Ascomycota","c__Saccharomycetes","o__Saccharomycetales","f__Debaryomycetaceae","g__Kurtzmaniella","s__Kurtzmaniella_sp"
"660980ab8256bc1eb05dd51a5824f6bf","k__Fungi","p__","c__","o__","f__","g__","s__"
"7767dd488e128ddb114c47078e731752","k__Fungi","p__Ascomycota","c__Dothideomycetes","o__Dothideales","f__Dothideaceae","g__","s__"
"7b51231e886ef4df492f1b5eff863db0","k__Fungi","p__Ascomycota","c__Leotiomycetes","o__Helotiales","f__Tympanidaceae","g__","s__"
"5d1ab6470dab484e19ceadf1ff8265ab","k__Fungi","p__","c__","o__","f__","g__","s__"
"8113e7f090602bd5a733abe4a4df9b4f","k__Fungi","p__Basidiomycota","c__Tremellomycetes","o__Tremellales","f__Bulleribasidiaceae","g__Vishniacozyma","s__Vishniacozyma_sp"
"a428ba8fcc3dcdc9120106fb49679fde","k__Fungi","p__Ascomycota","c__Dothideomycetes","o__Acrospermales","f__Acrospermaceae","g__Oomyces","s__Oomyces_sp"
"b9a09f23c2e70adec5f0c099d686e8ec","k__Fungi","p__Ascomycota","c__Dothideomycetes","o__Venturiales","f__Venturiaceae","g__Venturia","s__"
"54384c3bffbec8a3db12f656d5826b7e","k__Fungi","p__Ascomycota","c__Saccharomycetes","o__Saccharomycetales","f__Saccharomycetales_fam_Incertae_sedis","g__Candida","s__Candida_oregonensis"
"16f5043a68abc055b081afee068a6d4f","k__Fungi","p__Ascomycota","c__Sordariomycetes","o__Glomerellales","f__Plectosphaerellaceae","g__Gibellulopsis","s__"
"42029251dd5cee0b3213f91e5b6ddb8d","k__Fungi","p__Ascomycota","c__Leotiomycetes","o__Rhytismatales","f__Rhytismataceae","g__Lophodermium","s__Lophodermium_sp"
"b4f4dc289dbc3392f27e477ba83eedd7","k__Fungi","p__Ascomycota","c__Dothideomycetes","o__Pleosporales","f__Phaeosphaeriaceae","g__Parastagonospora","s__Parastagonospora_nodorum"
"78375ce9ec06751cd27aaa2330c89da8","k__Fungi","p__Ascomycota","c__Sordariomycetes","o__Hypocreales","f__Hypocreales_fam_Incertae_sedis","g__Sarocladium","s__Sarocladium_strictum"
"1c7dde50048b4485f2e116faa47d964f","k__Fungi","p__Ascomycota","c__","o__","f__","g__","s__"
"ff52835bb9c4248a8a4897fbc88bb865","k__Fungi","p__","c__","o__","f__","g__","s__"
"d227bec70f612936352749bb1bc6fb90","k__Fungi","p__Basidiomycota","c__Agaricomycetes","o__Auriculariales","f__Exidiaceae","g__Exidia","s__Exidia_recisa"
"e34c2ac331ba8caa1bfd34b50eef5050","k__Fungi","p__","c__","o__","f__","g__","s__"
"d39d73d478a5818c968686e831ebb178","k__Fungi","p__Basidiomycota","c__Agaricostilbomycetes","o__Agaricostilbales","f__Kondoaceae","g__Kondoa","s__Kondoa_aeria"
"a4e564106bad899065cea2737946bba3","k__Fungi","p__Ascomycota","c__Leotiomycetes","o__Helotiales","f__Myxotrichaceae","g__Oidiodendron","s__Oidiodendron_griseum"
"bd079a1eb60473af913b19d077de4491","k__Fungi","p__Basidiomycota","c__Agaricomycetes","o__Polyporales","f__Cerrenaceae","g__Pseudolagarobasidium","s__"
"4bfb1ea1cd8cd3a9008d847cef679a5b","k__Fungi","p__Basidiomycota","c__Agaricomycetes","o__Hymenochaetales","f__Schizoporaceae","g__Hyphodontia","s__"
"ea3dcb5e3070aac42b642c1a6a081452","k__Fungi","p__","c__","o__","f__","g__","s__"
"f6294c0008c60113840872dde00f3046","k__Fungi","p__Ascomycota","c__Sordariomycetes","o__Hypocreales","f__Hypocreaceae","g__Trichoderma","s__Trichoderma_orientale"
"59e93b2ced9390d735c832e9b0bc3ac7","k__Fungi","p__Basidiomycota","c__Microbotryomycetes","o__Sporidiobolales","f__Sporidiobolaceae","g__Sporobolomyces","s__Sporobolomyces_roseus"
"c8de1ec0cea62f0be6d532198314f4af","k__Fungi","p__Basidiomycota","c__Ustilaginomycetes","o__Ustilaginales","f__Ustilaginaceae","g__Ustilago","s__Ustilago_nunavutica"
"5c1631d50573e0b1b98676c7118390c8","k__Fungi","p__Ascomycota","c__Eurotiomycetes","o__Eurotiales","f__Aspergillaceae","g__Talaromyces","s__Talaromyces_radicus"
"487035291557bc6816288d10ca69846f","k__Fungi","p__","c__","o__","f__","g__","s__"
"6350e56a1e2704e854d048e9d58aea06","k__Fungi","p__Basidiomycota","c__Agaricomycetes","o__Polyporales","f__Fomitopsidaceae","g__Cinereomyces","s__Cinereomyces_sp"
"be9eb9409d5127e7bfd6960408ecaa97","k__Fungi","p__","c__","o__","f__","g__","s__"
"f8731f46daf10ae3e4f96de3cdd804e4","k__Fungi","p__","c__","o__","f__","g__","s__"
"53390b0ad82aad363cfc4459ad31e767","k__Fungi","p__Ascomycota","c__Dothideomycetes","o__Mycosphaerellales","f__Teratosphaeriaceae","g__Apenidiella","s__Apenidiella_sp"
"6c8b427151d0687f81494d6ea778c355","k__Fungi","p__Basidiomycota","c__Microbotryomycetes","o__Sporidiobolales","f__Sporidiobolaceae","g__Sporidiobolus","s__Sporidiobolus_salmonicolor"
"bb96cc8c604346e56f8060dea682ef47","k__Fungi","p__Ascomycota","c__Leotiomycetes","o__Helotiales","f__Sclerotiniaceae","g__Sclerencoelia","s__Sclerencoelia_fraxinicola"
"379747cfe7b76863f42ef594fb31227f","k__Fungi","p__Ascomycota","c__Dothideomycetes","o__Pleosporales","f__Pleosporaceae","g__Alternaria","s__"
"4aa8392a45c447bee51b74eb3b0f021c","k__Fungi","p__","c__","o__","f__","g__","s__"
"53d28dabb09f7bdb91c8ee68cacb7444","k__Fungi","p__Basidiomycota","c__Microbotryomycetes","o__Sporidiobolales","f__Sporidiobolaceae","g__Rhodosporidiobolus","s__Rhodosporidiobolus_nylandii"
"705a1ef500b7e8d29b1c5dfa1f58e390","k__Fungi","p__Basidiomycota","c__Agaricomycetes","o__Russulales","f__Peniophoraceae","g__Peniophora","s__Peniophora_versiformis"
"ea2ee14e4e3b7d38b9b2043b446207d7","k__Fungi","p__Basidiomycota","c__Agaricomycetes","o__Cantharellales","f__Hydnaceae","g__Sistotrema","s__Sistotrema_brinkmannii"
"2817bee04a3a3a9b7f2408cc4fa20eb3","k__Fungi","p__Ascomycota","c__Sordariomycetes","o__Ophiostomatales","f__Ophiostomataceae","g__Ophiostoma","s__"
"b775c6b6244e31e617cd5eae12d1fde9","k__Fungi","p__Ascomycota","c__Leotiomycetes","o__Helotiales","f__Hyaloscyphaceae","g__Venturiocistella","s__Venturiocistella_sp"
"cc7645b74c212cfcfdbd17dbd8af9005","k__Fungi","p__Ascomycota","c__Eurotiomycetes","o__Eurotiales","f__Aspergillaceae","g__Talaromyces","s__"
"994fa841be4e94d83add6e72211085f2","k__Fungi","p__Ascomycota","c__Leotiomycetes","o__Erysiphales","f__Erysiphaceae","g__Sawadaea","s__Sawadaea_tulasnei"
"fd3ac90841de69bf3c72aa399d248e76","k__Fungi","p__Basidiomycota","c__Agaricomycetes","o__Auriculariales","f__Exidiaceae","g__Exidia","s__Exidia_glandulosa"
"011a7e24e65aca2271dc3757f210e5ca","k__Fungi","p__Basidiomycota","c__Agaricomycetes","o__Agaricales","f__Psathyrellaceae","g__Coprinellus","s__Coprinellus_micaceus"
"1cfcab78e7a2fbbe1ffa691b3f483023","k__Fungi","p__Ascomycota","c__Dothideomycetes","o__Mycosphaerellales","f__Mycosphaerellaceae","g__","s__"
"6cdcc9545d0ede903df30d66f73704e5","k__Fungi","p__","c__","o__","f__","g__","s__"
"a95c2a0d3fe9c6e396b4e2fe0a7966eb","k__Fungi","p__Ascomycota","c__Saccharomycetes","o__Saccharomycetales","f__Saccharomycetaceae","g__Issatchenkia","s__Issatchenkia_orientalis"
"ce70d76e69e7cac94a815333103fb8a2","k__Fungi","p__Basidiomycota","c__Agaricomycetes","o__Auriculariales","f__Exidiaceae","g__Basidiodendron","s__Basidiodendron_alni"
"e80d2afdf5f56ac0e7fd3399ddbf57c9","k__Fungi","p__Basidiomycota","c__Tremellomycetes","o__Filobasidiales","f__Filobasidiaceae","g__Naganishia","s__"
"1e829da267dd7e0db38eff1790144bed","k__Fungi","p__Ascomycota","c__","o__","f__","g__","s__"
"8911b70329abb8b188a3939f6c8c3a5b","k__Fungi","p__Ascomycota","c__Dothideomycetes","o__Mycosphaerellales","f__Mycosphaerellaceae","g__Ramularia","s__"
"0d872431809414733fd6f42e8aa9bb19","k__Fungi","p__Ascomycota","c__Eurotiomycetes","o__Eurotiales","f__Aspergillaceae","g__Penicillium","s__Penicillium_multicolor"
"88631e48d306e5c86434f0bc734fa63b","k__Fungi","p__Ascomycota","c__Dothideomycetes","o__Pleosporales","f__Pleosporaceae","g__Alternaria","s__"
"95b68801eaeb3493e9650ac03bc9ab65","k__Fungi","p__Ascomycota","c__Leotiomycetes","o__Helotiales","f__Helotiaceae","g__Hymenoscyphus","s__Hymenoscyphus_menthae"
"63188c746642cad86d4a8d39e7a0bc32","k__Fungi","p__Ascomycota","c__Saccharomycetes","o__Saccharomycetales","f__Phaffomycetaceae","g__Komagataella","s__Komagataella_phaffii"
"71b123af3e3c72bfd877a4c852143d5f","k__Fungi","p__Ascomycota","c__Saccharomycetes","o__Saccharomycetales","f__Pichiaceae","g__Pichia","s__Pichia_fermentans"
"725d0de1679133bc35c2867e03802c57","k__Fungi","p__Ascomycota","c__Dothideomycetes","o__Mycosphaerellales","f__Mycosphaerellaceae","g__Ramularia","s__"
"340ed28e531295010d56b152d6f7efc2","k__Fungi","p__","c__","o__","f__","g__","s__"
"3cff072213b7e25aa926a6d346087e7b","k__Fungi","p__Ascomycota","c__","o__","f__","g__","s__"
"be574995844253dea68f59990bb41add","k__Fungi","p__","c__","o__","f__","g__","s__"
"732f5e205f792d5d47fcd6961c3c250e","k__Fungi","p__Basidiomycota","c__Tremellomycetes","o__Tremellales","f__Bulleribasidiaceae","g__Vishniacozyma","s__Vishniacozyma_dimennae"
"bdcf150ca0a8b7cf7a5e7cb4be82d5ae","k__Fungi","p__Ascomycota","c__Sordariomycetes","o__Diaporthales","f__Valsaceae","g__Cytospora","s__"
"d839e0dbcd3d51e81ed41bd6aae4b58e","k__Fungi","p__","c__","o__","f__","g__","s__"
"2c2e30bac3f37465fc337eda4fc82b19","k__Fungi","p__Ascomycota","c__Saccharomycetes","o__Saccharomycetales","f__Saccharomycetales_fam_Incertae_sedis","g__Candida","s__Candida_sake"
"8073a9d49ee449d4e6840488d9bb58c4","k__Fungi","p__Basidiomycota","c__Agaricomycetes","o__Auriculariales","f__Aporpiaceae","g__Elmerina","s__Elmerina_caryae"
"4d2fb88b8084d57c2b730a7b22474daf","k__Fungi","p__Basidiomycota","c__Agaricomycetes","o__Polyporales","f__Meruliaceae","g__Phlebia","s__Phlebia_acerina"
"93f3b808772f3f8b51da7c151eaf7dde","k__Fungi","p__Ascomycota","c__Saccharomycetes","o__Saccharomycetales","f__Pichiaceae","g__Pichia","s__Pichia_fermentans"
"d820bbac55f7f4fee93a711317be7031","k__Fungi","p__Ascomycota","c__Sordariomycetes","o__Coniochaetales","f__Coniochaetaceae","g__Coniochaeta","s__"
"eef269fec5c1b305f238891135f1df34","k__Fungi","p__Basidiomycota","c__Agaricomycetes","o__Polyporales","f__Fomitopsidaceae","g__Amyloporia","s__Amyloporia_sinuosa"
"28cab8a69f3c3f57de466b64b5df0869","k__Fungi","p__Ascomycota","c__Dothideomycetes","o__Mycosphaerellales","f__Teratosphaeriaceae","g__Pseudotaeniolina","s__Pseudotaeniolina_globosa"
"6d2b4018dd9d6373dde51d5675f24c67","k__Fungi","p__","c__","o__","f__","g__","s__"
"d054c3271e75a05f0b1cfb200c7ab768","k__Fungi","p__Ascomycota","c__Pezizomycetes","o__Pezizales","f__Pezizaceae","g__Peziza","s__Peziza_varia"
"e49e326aeb2c3462d4cfdf1f58d8b3ab","k__Fungi","p__","c__","o__","f__","g__","s__"
"f219c40a813c4bb49ee579ce5bdd0d4e","k__Fungi","p__Ascomycota","c__","o__","f__","g__","s__"
"66e542275b0cc2fa54bfde56592119e4","k__Fungi","p__Ascomycota","c__Sordariomycetes","o__Diaporthales","f__Gnomoniaceae","g__Plagiostoma","s__"
"98c4e667ccb8e347da803676dbd8af08","k__Fungi","p__Ascomycota","c__Leotiomycetes","o__Rhytismatales","f__Rhytismataceae","g__Lophodermium","s__"
"4770151c973da9c9db74501315f4c51b","k__Fungi","p__Ascomycota","c__Eurotiomycetes","o__Eurotiales","f__Aspergillaceae","g__Aspergillus","s__Aspergillus_fumigatus"
"0296f3d94b86ec4ea356b19582d5e3cf","k__Fungi","p__Basidiomycota","c__Agaricomycetes","o__Polyporales","f__Irpicaceae","g__Ceriporia","s__Ceriporia_lacerata"
"7593df3aac7355706d08ac097e064ce6","k__Fungi","p__Ascomycota","c__Pezizomycotina_cls_Incertae_sedis","o__Pezizomycotina_ord_Incertae_sedis","f__Pezizomycotina_fam_Incertae_sedis","g__Tricellula","s__Tricellula_sp"
"ba7265cde6548d318b5e505c7f1ab5b8","k__Fungi","p__Ascomycota","c__Dothideomycetes","o__Capnodiales","f__Capnodiales_fam_Incertae_sedis","g__Arthrocatena","s__Arthrocatena_sp"
"183e70fc9be70e72a213a32d9fefb8ad","k__Fungi","p__Basidiomycota","c__Microbotryomycetes","o__Microbotryomycetes_ord_Incertae_sedis","f__Microbotryomycetes_fam_Incertae_sedis","g__Curvibasidium","s__"
"681176150bf09429d42b84375c57724b","k__Fungi","p__Ascomycota","c__Dothideomycetes","o__Mycosphaerellales","f__Mycosphaerellaceae","g__Zymoseptoria","s__Zymoseptoria_sp"
"7c92a380a727cafd42df5029f99f335b","k__Fungi","p__Ascomycota","c__Sordariomycetes","o__Hypocreales","f__Hypocreales_fam_Incertae_sedis","g__Acremonium","s__Acremonium_hyalinulum"
"bebf0c105aa968d832e304158fa9cb23","k__Fungi","p__Ascomycota","c__Dothideomycetes","o__Mycosphaerellales","f__Teratosphaeriaceae","g__Constantinomyces","s__Constantinomyces_macerans"
"b0e512b8f29f760b9b7e09c7f9c94afe","k__Fungi","p__Ascomycota","c__Dothideomycetes","o__Pleosporales","f__Phaeosphaeriaceae","g__Phaeosphaeria","s__Phaeosphaeria_sp"
"37d286d46d14e108af57787906e525fc","k__Fungi","p__Ascomycota","c__Dothideomycetes","o__Pleosporales","f__Phaeosphaeriaceae","g__Parastagonospora","s__"
"5283f7b65f8a41354b577fb49c915f0a","k__Fungi","p__Basidiomycota","c__Agaricomycetes","o__Polyporales","f__Polyporaceae","g__Perenniporia","s__Perenniporia_subacida"
"60eee13c3fc3dca84a869f09b09ae81d","k__Fungi","p__Ascomycota","c__Dothideomycetes","o__Dothideales","f__Saccotheciaceae","g__Aureobasidium","s__Aureobasidium_pullulans"
"e3d0785a6085cb93c2998888a97798d1","k__Fungi","p__Ascomycota","c__Sordariomycetes","o__Xylariales","f__Diatrypaceae","g__Diatrype","s__Diatrype_stigma"
"5004973fd34beb1f10c2bee936e4f0b0","k__Fungi","p__Basidiomycota","c__Agaricomycetes","o__Polyporales","f__Fomitopsidaceae","g__Neoantrodia","s__"
"f5383cfeac43b1f7e62b72c552129b12","k__Fungi","p__","c__","o__","f__","g__","s__"
"363655694273441ea84159adcf8ff656","k__Fungi","p__Ascomycota","c__Dothideomycetes","o__Mycosphaerellales","f__Teratosphaeriaceae","g__","s__"
"947c632c59cc1208f576d90bfef474c7","k__Fungi","p__Ascomycota","c__Dothideomycetes","o__Pleosporales","f__Phaeosphaeriaceae","g__Jeremyomyces","s__Jeremyomyces_labinae"
"e5269e6bfe2160bf755e295cf232d255","k__Fungi","p__Basidiomycota","c__Cystobasidiomycetes","o__Cystobasidiomycetes_ord_Incertae_sedis","f__Buckleyzymaceae","g__Buckleyzyma","s__Buckleyzyma_aurantiaca"
"228f544f7537db32f3795ed664f9872e","k__Fungi","p__Basidiomycota","c__Agaricomycetes","o__Cantharellales","f__Ceratobasidiaceae","g__Ceratobasidiaceae_gen_Incertae_sedis","s__Ceratobasidiaceae_sp"
"2516712af7519e84f77464919e9be08c","k__Fungi","p__Ascomycota","c__Eurotiomycetes","o__Eurotiales","f__Aspergillaceae","g__Penicillium","s__"
"fb5f69eaf9195658b668d6478e267df5","k__Fungi","p__Ascomycota","c__Dothideomycetes","o__Pleosporales","f__Phaeosphaeriaceae","g__Leptospora","s__Leptospora_galii"
"2099dc4c9b693164518c4d0b137675e5","k__Fungi","p__Basidiomycota","c__Agaricomycetes","o__Russulales","f__Stereaceae","g__Xylobolus","s__Xylobolus_frustulatus"
"8b7a10422fcb7de72539a9ab0dc58c7c","k__Fungi","p__","c__","o__","f__","g__","s__"
"9eb12da3f9dc1c13447e4992fae5c113","k__Fungi","p__Ascomycota","c__Sordariomycetes","o__Hypocreales","f__Nectriaceae","g__Fusarium","s__"
"b765eea8cc010294d6caf2e6cf243f8d","k__Fungi","p__Ascomycota","c__Dothideomycetes","o__Mycosphaerellales","f__Teratosphaeriaceae","g__Apenidiella","s__Apenidiella_sp"
"ddaafa87c3801796f7620fa9c00a8dc8","k__Fungi","p__Ascomycota","c__Leotiomycetes","o__Helotiales","f__Mollisiaceae","g__Phialocephala","s__Phialocephala_fortinii"
"5242e09eec82089a5296a72bf622c11a","k__Fungi","p__Ascomycota","c__Candelariomycetes","o__Candelariales","f__Candelariaceae","g__Candelariella","s__"
"55c0ca3f2b235fbcfd12e4cd71f8239f","k__Fungi","p__Ascomycota","c__Sordariomycetes","o__Magnaporthales","f__Magnaporthaceae","g__Arxiella","s__Arxiella_celtidis"
"93432d35dbade346a56397e2bdfb2188","k__Fungi","p__Fungi_phy_Incertae_sedis","c__Fungi_cls_Incertae_sedis","o__Fungi_ord_Incertae_sedis","f__Fungi_fam_Incertae_sedis","g__Fungi_gen_Incertae_sedis","s__Fungi_sp"
"b6a309280d1975fe8d97209c9f4805c1","k__Fungi","p__","c__","o__","f__","g__","s__"
"f9ff38b62ca313d5d6c2e50cf119e29f","k__Fungi","p__Ascomycota","c__Dothideomycetes","o__Pleosporales","f__Didymellaceae","g__Didymella","s__"
"6263ce6c986e8b7899e6c1eaddb9781c","k__Fungi","p__Ascomycota","c__Dothideomycetes","o__Pleosporales","f__Didymosphaeriaceae","g__","s__"
"3ef4418a30d7fbd1b8c5763aa5fbbd0a","k__Fungi","p__Ascomycota","c__Eurotiomycetes","o__Chaetothyriales","f__Chaetothyriales_fam_Incertae_sedis","g__Neophaeococcomyces","s__Neophaeococcomyces_aloes"
"861fe8bb733ab1005952fe5f9b5020b7","k__Fungi","p__Ascomycota","c__Dothideomycetes","o__Pleosporales","f__Periconiaceae","g__Periconia","s__Periconia_pseudodigitata"
"437c64c42ba1d3c524feb965497cefb5","k__Fungi","p__Ascomycota","c__Sordariomycetes","o__Hypocreales","f__Hypocreaceae","g__Trichoderma","s__Trichoderma_pararogersonii"
"a50480d9ecb2c8bfa9373ddd79006535","k__Fungi","p__Basidiomycota","c__Agaricomycetes","o__Trechisporales","f__Hydnodontaceae","g__Subulicystidium","s__Subulicystidium_perlongisporum"
"078e4b4ce9ac853aa133247b88bd1e9f","k__Fungi","p__","c__","o__","f__","g__","s__"
"0bb11374d2f920b38e120b9094f2c7ce","k__Fungi","p__","c__","o__","f__","g__","s__"
"5a7a028d35d29780fb18ab464e8e2311","k__Fungi","p__Basidiomycota","c__Agaricomycetes","o__Hymenochaetales","f__Hymenochaetaceae","g__Hymenochaetopsis","s__Hymenochaetopsis_sp"
"d72e75e559331847a79a9d9ed676a59c","k__Fungi","p__Ascomycota","c__Eurotiomycetes","o__Chaetothyriales","f__Herpotrichiellaceae","g__Coniosporium","s__Coniosporium_uncinatum"
"0a563f17f31f04f32d107a5bef4456e4","k__Fungi","p__Basidiomycota","c__Agaricomycetes","o__Hymenochaetales","f__Tubulicrinaceae","g__Tubulicrinis","s__Tubulicrinis_subulatus"
"3a64757e8a79fb6c9192b23d934c67c3","k__Fungi","p__Basidiomycota","c__Microbotryomycetes","o__Sporidiobolales","f__Sporidiobolaceae","g__Rhodotorula","s__Rhodotorula_dairenensis"
"41cc31fbdce6974678fba25d7566f7ba","k__Fungi","p__Basidiomycota","c__Microbotryomycetes","o__Sporidiobolales","f__Sporidiobolaceae","g__Rhodotorula","s__Rhodotorula_araucariae"
"69a3b36f37bdf4870a9986271e76aa3d","k__Fungi","p__Ascomycota","c__Leotiomycetes","o__Helotiales","f__Mollisiaceae","g__Phialocephala","s__"
"8ca694da1bdcd19c0a897c93a3dd1913","k__Fungi","p__Ascomycota","c__Sordariomycetes","o__","f__","g__","s__"
"1d69591f40e7e15bf2660af0ca9f6c9e","k__Fungi","p__Ascomycota","c__Dothideomycetes","o__Pleosporales","f__Phaeosphaeriaceae","g__Leptospora","s__Leptospora_sp"
"284c4ed977b43e8010e055d5abf32a3a","k__Fungi","p__Basidiomycota","c__Agaricomycetes","o__Polyporales","f__Phanerochaetaceae","g__Phanerochaete","s__"
"5e2ce29748fe82907e1f86e4cac4a5ad","k__Fungi","p__Basidiomycota","c__Agaricomycetes","o__Polyporales","f__Polyporaceae","g__Trametes","s__Trametes_hirsuta"
"9cf49e214a424ce4812cc003510e0bd9","k__Fungi","p__Basidiomycota","c__Tremellomycetes","o__Cystofilobasidiales","f__Cystofilobasidiaceae","g__Cystofilobasidium","s__Cystofilobasidium_macerans"
"f2abec22a19b4aee827c05183871c0e9","k__Fungi","p__Basidiomycota","c__Agaricomycetes","o__Cantharellales","f__Botryobasidiaceae","g__Botryobasidium","s__Botryobasidium_subcoronatum"
"3b040c39ca7166dd2405fc47b4e7f1bb","k__Fungi","p__Basidiomycota","c__Agaricomycetes","o__Polyporales","f__Ganodermataceae","g__Ganoderma","s__Ganoderma_adspersum"
"70df22452c58633b059516008f3de6ba","k__Fungi","p__Ascomycota","c__Eurotiomycetes","o__Eurotiales","f__Aspergillaceae","g__Penicillium","s__Penicillium_ellipsoideosporum"
"90e44b42716070f521a7f94e9e3e7a06","k__Fungi","p__Basidiomycota","c__Agaricomycetes","o__Polyporales","f__Polyporaceae","g__","s__"
"9ba90ad1c66ef40978b74a556d3d8758","k__Fungi","p__Ascomycota","c__Leotiomycetes","o__Helotiales","f__Sclerotiniaceae","g__","s__"
"18bb69601663485f9451496ee3cb6254","k__Fungi","p__Basidiomycota","c__Agaricomycetes","o__Corticiales","f__Corticiaceae","g__Limonomyces","s__Limonomyces_culmigenus"
"40159baf36f8f9ad4852a63eed7d879c","k__Fungi","p__Ascomycota","c__Dothideomycetes","o__Pleosporales","f__Phaeosphaeriaceae","g__Paraophiobolus","s__Paraophiobolus_torilicola"
"50d2cac83686121a21f57808632d1768","k__Fungi","p__","c__","o__","f__","g__","s__"
"8b72e2530f2fe8c8dd57adece36f329e","k__Fungi","p__Ascomycota","c__Dothideomycetes","o__Mycosphaerellales","f__Mycosphaerellaceae","g__","s__"
"92900db90733d492ee8337c368eea2b7","k__Fungi","p__Ascomycota","c__Dothideomycetes","o__Pleosporales","f__","g__","s__"
"b42fceddf861a1fc82e6c9818228e5f7","k__Fungi","p__","c__","o__","f__","g__","s__"
"dc1f1f82f2d552dda5a95b929f6d35c7","k__Fungi","p__Basidiomycota","c__Tremellomycetes","o__Tremellales","f__Tremellales_fam_Incertae_sedis","g__Tremellales_gen_Incertae_sedis","s__Tremellales_sp"
"fe537d99b25dffa44956fff680936976","k__Fungi","p__Ascomycota","c__Leotiomycetes","o__","f__","g__","s__"
"4501553a00729ae5094cf68a29207809","k__Fungi","p__Ascomycota","c__Leotiomycetes","o__Helotiales","f__","g__","s__"
"56dcfc3c0079928da60cb739f6b529a7","k__Fungi","p__Ascomycota","c__Sordariomycetes","o__Microascales","f__Microascaceae","g__Microascus","s__"
"b6c210d127cf4fceabaca762161c1a80","k__Fungi","p__","c__","o__","f__","g__","s__"
"d7032493a838febb29376658b6d084dd","k__Fungi","p__Ascomycota","c__Dothideomycetes","o__Mycosphaerellales","f__Mycosphaerellaceae","g__Ramularia","s__"
"de5c7953da87074131a057a33a8f4ef6","k__Fungi","p__Ascomycota","c__Leotiomycetes","o__Helotiales","f__Ploettnerulaceae","g__Oculimacula","s__Oculimacula_yallundae"
"f74280d8d67f2c7204e96c34ee2d1f79","k__Fungi","p__Ascomycota","c__Eurotiomycetes","o__Chaetothyriales","f__Herpotrichiellaceae","g__Coniosporium","s__Coniosporium_sp"
"1591c325db983ae641ec060fff6f7098","k__Fungi","p__Ascomycota","c__Dothideomycetes","o__Pleosporales","f__Phaeosphaeriaceae","g__Piniphoma","s__Piniphoma_wesendahlina"
"22933e1655dbb9579afd17344b0f92d1","k__Fungi","p__","c__","o__","f__","g__","s__"
"42c4cb104d17fad912d48843d13270f2","k__Fungi","p__Ascomycota","c__Eurotiomycetes","o__Chaetothyriales","f__Herpotrichiellaceae","g__Nadsoniella","s__Nadsoniella_nigra"
"d0f619cb6fc9e4ca6cb646ea714755cf","k__Fungi","p__Basidiomycota","c__Agaricomycetes","o__Hymenochaetales","f__Hymenochaetales_fam_Incertae_sedis","g__Trichaptum","s__Trichaptum_fuscoviolaceum"
"6b4b97c5304c973fb3575942dd04583d","k__Fungi","p__","c__","o__","f__","g__","s__"
"ab4ba65a27751ed4a881fc94ac6ef227","k__Fungi","p__Ascomycota","c__Leotiomycetes","o__Helotiales","f__Mollisiaceae","g__Phialocephala","s__"
"c48218713b63ea38a5239932622691de","k__Fungi","p__Ascomycota","c__Eurotiomycetes","o__Onygenales","f__","g__","s__"
"fee60894ea618a57843c9df623f9b480","k__Fungi","p__Basidiomycota","c__Agaricomycetes","o__Polyporales","f__Steccherinaceae","g__Steccherinum","s__Steccherinum_bourdotii"
"793b89684273d74432f01481511c065e","k__Fungi","p__Ascomycota","c__Dothideomycetes","o__Pleosporales","f__Periconiaceae","g__Periconia","s__"
"a68894b36fe586ccf055a3832214d525","k__Fungi","p__Ascomycota","c__Dothideomycetes","o__Pleosporales","f__Periconiaceae","g__Periconia","s__"
"d139a7c7c2e72450e4ea9e8ebbc86b0b","k__Fungi","p__Ascomycota","c__Dothideomycetes","o__","f__","g__","s__"
"b71ad31809ac102c2a287a5b391a0550","k__Fungi","p__Ascomycota","c__Eurotiomycetes","o__Chaetothyriales","f__Herpotrichiellaceae","g__Coniosporium","s__Coniosporium_sp"
"be5e759c783d39bd4b37d111a92b859f","k__Fungi","p__Ascomycota","c__Eurotiomycetes","o__Eurotiales","f__Aspergillaceae","g__Talaromyces","s__Talaromyces_siglerae"
"b2f851a25e21d3f205b4bbfa58631807","k__Fungi","p__Ascomycota","c__Sordariomycetes","o__Xylariales","f__Diatrypaceae","g__Diatrype","s__Diatrype_stigma"
"4a3f9c10ab6f16ec930e6b391846dcfa","k__Fungi","p__Ascomycota","c__","o__","f__","g__","s__"
"5104a8e0fee50da8bf51de8e815e0340","k__Fungi","p__Basidiomycota","c__Tremellomycetes","o__Tremellales","f__Rhynchogastremataceae","g__Papiliotrema","s__Papiliotrema_laurentii"
"74c7f9855eb11a41401ffadefc5175ab","k__Fungi","p__Ascomycota","c__Dothideomycetes","o__Venturiales","f__Venturiaceae","g__Venturia","s__Venturia_lonicerae"
"908f8f517560c1e4f89d9a99f940cfd9","k__Fungi","p__Ascomycota","c__Dothideomycetes","o__Pleosporales","f__Didymosphaeriaceae","g__Montagnula","s__"
"e55baf2b9caee546dd4286650444e429","k__Fungi","p__Ascomycota","c__Eurotiomycetes","o__Eurotiales","f__Aspergillaceae","g__Aspergillus","s__"
"05d3e97400193a3a6d810d8fbc077204","k__Fungi","p__Ascomycota","c__Dothideomycetes","o__Pleosporales","f__Phaeosphaeriaceae","g__Phaeodothis","s__Phaeodothis_mori"
"9b4cab911da8f0b1ae74aa230cb725e1","k__Fungi","p__Ascomycota","c__Sordariomycetes","o__","f__","g__","s__"
"46a5d776bb6618a2008a582485a932f2","k__Fungi","p__Ascomycota","c__Sordariomycetes","o__Hypocreales","f__Nectriaceae","g__Fusicolla","s__Fusicolla_septimanifiniscientiae"
"5d447ec4cfc734e2c013f18f1369d403","k__Fungi","p__","c__","o__","f__","g__","s__"
"67fd4a3b296e19f273d18bbdf92b56c5","k__Fungi","p__Ascomycota","c__Sordariomycetes","o__Distoseptisporales","f__Distoseptisporaceae","g__Distoseptisporaceae_gen_Incertae_sedis","s__Distoseptisporaceae_sp"
"f7911535450a2bd4504efac58a68760e","k__Fungi","p__Ascomycota","c__Arthoniomycetes","o__Lichenostigmatales","f__Phaeococcomycetaceae","g__Phaeococcomycetaceae_gen_Incertae_sedis","s__Phaeococcomycetaceae_sp"
"0461d17ce09b5829c6f5de6881089ce6","k__Fungi","p__Ascomycota","c__Sordariomycetes","o__Microascales","f__Microascaceae","g__Pithoascus","s__Pithoascus_nidicola"
"2408c1f07bec5768947f3e9acdec6842","k__Fungi","p__Ascomycota","c__Leotiomycetes","o__Helotiales","f__Sclerotiniaceae","g__Monilinia","s__Monilinia_kusanoi"
"2de2c077b6e38948c575cf199f664150","k__Fungi","p__Ascomycota","c__Dothideomycetes","o__Pleosporales","f__","g__","s__"
"443e64392eb0f2511da4e169bc2aa237","k__Fungi","p__Ascomycota","c__Sordariomycetes","o__Hypocreales","f__Niessliaceae","g__Eucasphaeria","s__Eucasphaeria_capensis"
"7e5ad4bbb23df50752233a08da204c64","k__Fungi","p__Ascomycota","c__Eurotiomycetes","o__Eurotiales","f__Aspergillaceae","g__Aspergillus","s__Aspergillus_ruber"
"93092de923c56b2e8ba12fae4f39489e","k__Fungi","p__Ascomycota","c__","o__","f__","g__","s__"
"b5e251babe1cabb2edb03a4bb6d41d52","k__Fungi","p__Basidiomycota","c__Tremellomycetes","o__Trichosporonales","f__Trichosporonaceae","g__Effuseotrichosporon","s__Effuseotrichosporon_vanderwaltii"
"ed4e8e9e540e8eda3e74e595ad28911b","k__Fungi","p__Basidiomycota","c__Agaricomycetes","o__Agaricales","f__Clavariaceae","g__Mucronella","s__Mucronella_calva"
"38a9fc68da985555c95fb56f1b856de5","k__Fungi","p__Ascomycota","c__Sordariomycetes","o__Diaporthales","f__Valsaceae","g__Cryptosphaeria","s__Cryptosphaeria_subcutanea"
"5e1c963a11088c0ff045cc082560a2e7","k__Fungi","p__Basidiomycota","c__Tremellomycetes","o__Cystofilobasidiales","f__Mrakiaceae","g__Itersonilia","s__Itersonilia_perplexans"
"6bbe8070dd48e2f46010bf15e101d690","k__Fungi","p__Basidiomycota","c__Tremellomycetes","o__Tremellales","f__Cryptococcaceae","g__Kwoniella","s__"
"6e48f5e58633d8232d335220d60abb7b","k__Fungi","p__Ascomycota","c__Dothideomycetes","o__Capnodiales","f__Capnodiales_fam_Incertae_sedis","g__Arthrocatena","s__Arthrocatena_sp"
"9c1ee1f8b0812f4ff58e4300f69b658a","k__Fungi","p__Basidiomycota","c__Tremellomycetes","o__Tremellales","f__Bulleribasidiaceae","g__Vishniacozyma","s__Vishniacozyma_globispora"
"1a416054b61150408ff8b6e2131f2bcd","k__Fungi","p__Ascomycota","c__Dothideomycetes","o__","f__","g__","s__"
"6b2bfdb094c88e3decbd3a60c8b9b02e","k__Fungi","p__Ascomycota","c__Eurotiomycetes","o__Eurotiales","f__Aspergillaceae","g__Aspergillus","s__Aspergillus_penicillioides"
"cfe7656023d3b965b75e64510ab3f55d","k__Fungi","p__Ascomycota","c__Leotiomycetes","o__Helotiales","f__Mollisiaceae","g__Phialocephala","s__"
"d93d18866f98db4daaa5b9ccf6174e28","k__Fungi","p__Basidiomycota","c__Atractiellomycetes","o__Atractiellales","f__Phleogenaceae","g__Helicogloea","s__Helicogloea_insularis"
"f1da478c5219ddb00e41ae6e7e0b080e","k__Fungi","p__Ascomycota","c__","o__","f__","g__","s__"
"251bb31e559804479f8e3c34c19a1893","k__Fungi","p__Ascomycota","c__Dothideomycetes","o__Pleosporales","f__Didymosphaeriaceae","g__Spegazzinia","s__Spegazzinia_sp"
"e395e93bb4557491ea02a8c36748c454","k__Fungi","p__","c__","o__","f__","g__","s__"
"2839bb830229b88505df55d28092b7ea","k__Fungi","p__Ascomycota","c__Leotiomycetes","o__Helotiales","f__Sclerotiniaceae","g__","s__"
"70f65a857a64ed7e0218b020b0570025","k__Fungi","p__Ascomycota","c__Leotiomycetes","o__Helotiales","f__Helotiaceae","g__Crocicreas","s__Crocicreas_sp"
"854c694aa49e4e71d9b5b855b5c5b0f8","k__Fungi","p__Basidiomycota","c__Agaricomycetes","o__Hymenochaetales","f__Hymenochaetaceae","g__Fuscoporia","s__Fuscoporia_ferrea"
"a7cee8f6784cf100ff2c2428d5221182","k__Fungi","p__Ascomycota","c__Dothideomycetes","o__Mycosphaerellales","f__Teratosphaeriaceae","g__Apenidiella","s__Apenidiella_sp"
"d27e529412dc104a6ae58f1624af8f4e","k__Fungi","p__Basidiomycota","c__Agaricomycetes","o__Polyporales","f__Meruliaceae","g__Hydnophlebia","s__Hydnophlebia_chrysorhiza"
"dbcafa4d1316b3d3e27c1715e247cb7b","k__Fungi","p__","c__","o__","f__","g__","s__"
"5d4f6fb4c0f13516124f05ce2f6d57f2","k__Fungi","p__Ascomycota","c__","o__","f__","g__","s__"
"ab9e8dec36a3927ce537f644f17fc4bd","k__Fungi","p__","c__","o__","f__","g__","s__"
"c05bd0cca30d1fef60cd0b7916e7dfd4","k__Fungi","p__Basidiomycota","c__Tremellomycetes","o__Trichosporonales","f__Trichosporonaceae","g__Apiotrichum","s__Apiotrichum_laibachii"
"cea7d7991895e6c800f976542c79ccbf","k__Fungi","p__","c__","o__","f__","g__","s__"
"084dd2190c826bfe04d828316467bc46","k__Fungi","p__Basidiomycota","c__Agaricomycetes","o__Atheliales","f__Atheliaceae","g__Athelia","s__Athelia_sp"
"141816c363c7541461bb45b5ddcc2e89","k__Fungi","p__Ascomycota","c__Lecanoromycetes","o__Lecanorales","f__","g__","s__"
"2c5eb79f8c636c3ec1c1d459b0fc42d2","k__Fungi","p__Basidiomycota","c__Spiculogloeomycetes","o__Spiculogloeales","f__Spiculogloeaceae","g__Phyllozyma","s__"
"4938cb39e15ea84ec7f6dda2037e3feb","k__Fungi","p__Ascomycota","c__Saccharomycetes","o__Saccharomycetales","f__Cephaloascaceae","g__Cephaloascus","s__Cephaloascus_fragrans"
"4edda729703bf22b36ebd96d939ff109","k__Fungi","p__Basidiomycota","c__Agaricomycetes","o__Corticiales","f__Punctulariaceae","g__Punctularia","s__Punctularia_strigosozonata"
"edcbcec0816054b59c345c9aaeb6bdc8","k__Fungi","p__Ascomycota","c__Sordariomycetes","o__Hypocreales","f__Hypocreales_fam_Incertae_sedis","g__","s__"
"27d91d094473c29ae30a645f22c6bd2d","k__Fungi","p__Ascomycota","c__Sordariomycetes","o__Xylariales","f__Sporocadaceae","g__Seimatosporium","s__"
"6cf130eb17b25d685d6d4fc2271ada54","k__Fungi","p__","c__","o__","f__","g__","s__"
"9866ee274bb9c27538f5b4d96f0fb5e2","k__Fungi","p__Ascomycota","c__Eurotiomycetes","o__Eurotiales","f__Aspergillaceae","g__Talaromyces","s__Talaromyces_columbinus"
"a54828793470ce5fed7af0f1c4ce69dc","k__Fungi","p__Ascomycota","c__Dothideomycetes","o__Mycosphaerellales","f__Mycosphaerellaceae","g__Zymoseptoria","s__Zymoseptoria_crescenta"
"ece0e0e13841104f57c83f54dd78f945","k__Fungi","p__Basidiomycota","c__Tremellomycetes","o__Tremellales","f__Bulleribasidiaceae","g__Dioszegia","s__Dioszegia_crocea"
"fdca1ae45755d09561477669ca31f8a0","k__Fungi","p__Ascomycota","c__Dothideomycetes","o__Dothideomycetes_ord_Incertae_sedis","f__Dothideomycetes_fam_Incertae_sedis","g__Catinella","s__Catinella_olivacea"
"32b0d7e6fcf84caa3ff7675546188efb","k__Fungi","p__Ascomycota","c__Dothideomycetes","o__Mycosphaerellales","f__Mycosphaerellaceae","g__Sphaerulina","s__"
"3684f3bbc55e3e25bf866ca9e73f4b92","k__Fungi","p__","c__","o__","f__","g__","s__"
"61fc3c5f5945351d935f1818f07081c3","k__Fungi","p__Ascomycota","c__Eurotiomycetes","o__Chaetothyriales","f__Trichomeriaceae","g__Lithohypha","s__Lithohypha_aloicola"
"95bf27ad14af8b052a042a9152f4db17","k__Fungi","p__Ascomycota","c__Sordariomycetes","o__Xylariales","f__Diatrypaceae","g__Diatrype","s__Diatrype_stigma"
"b0391c3c74b7e6d2266d233b36cb69e0","k__Fungi","p__","c__","o__","f__","g__","s__"
"b0f9e96938af17810c251cf8f68b6c4c","k__Fungi","p__Ascomycota","c__Sordariomycetes","o__Myrmecridiales","f__Myrmecridiaceae","g__Myrmecridium","s__Myrmecridium_schulzeri"
"cb7cc26188d5a5ab4fa5fae88a7fa563","k__Fungi","p__Ascomycota","c__Lecanoromycetes","o__Caliciales","f__Caliciaceae","g__Amandinea","s__Amandinea_punctata"
"cd148117193466aaf398f0aa9ec06f4f","k__Fungi","p__Ascomycota","c__Eurotiomycetes","o__Verrucariales","f__Verrucariaceae","g__Verrucaria","s__"
"ce9ac15f1a6215504d5deecb2b3892cc","k__Fungi","p__Ascomycota","c__","o__","f__","g__","s__"
"0d2a7af851deee73f0d373e0eef9fbc7","k__Fungi","p__Ascomycota","c__Sordariomycetes","o__Sordariomycetes_ord_Incertae_sedis","f__Sordariomycetes_fam_Incertae_sedis","g__Sordariomycetes_gen_Incertae_sedis","s__Sordariomycetes_sp"
"1faff9a4c836e7c52f60483432380c34","k__Fungi","p__","c__","o__","f__","g__","s__"
"52218826f07accaf575edee1212f4deb","k__Fungi","p__Basidiomycota","c__Cystobasidiomycetes","o__Cystobasidiomycetes_ord_Incertae_sedis","f__Symmetrosporaceae","g__Symmetrospora","s__Symmetrospora_foliicola"
"88677755b0678636cf0a4176290b061e","k__Fungi","p__Basidiomycota","c__Agaricomycetes","o__Polyporales","f__Fomitopsidaceae","g__Fomitopsis","s__Fomitopsis_massoniana"
"8e1a58fc55da8311616a3ff0d8e81bef","k__Fungi","p__Ascomycota","c__","o__","f__","g__","s__"
"92be6f70be27aa9069bc7785878649f2","k__Fungi","p__Basidiomycota","c__Agaricomycetes","o__Polyporales","f__Polyporaceae","g__Neofavolus","s__Neofavolus_alveolaris"
"98a4aa72c993c4f8e28063abbdc7101a","k__Fungi","p__Ascomycota","c__Sordariomycetes","o__Pisorisporiales","f__Pisorisporiaceae","g__Achroceratosphaeria","s__Achroceratosphaeria_potamia"
"a833de3f0df5cf594fb6fb07fc145a36","k__Fungi","p__Basidiomycota","c__Agaricomycetes","o__Agaricomycetes_ord_Incertae_sedis","f__Agaricomycetes_fam_Incertae_sedis","g__Xenasmatella","s__Xenasmatella_sp"
"dbcfd700bdd48e40c7d91903dee555a0","k__Fungi","p__Ascomycota","c__Dothideomycetes","o__Pleosporales","f__Phaeosphaeriaceae","g__Neosetophoma","s__Neosetophoma_samarorum"
"e88b8476b03ecb11e81838a36e3e99cf","k__Fungi","p__Ascomycota","c__Sordariomycetes","o__Pisorisporiales","f__Pisorisporiaceae","g__Achroceratosphaeria","s__Achroceratosphaeria_sp"
"f24aed0c865c71df78740403740264ac","k__Fungi","p__Ascomycota","c__Saccharomycetes","o__Saccharomycetales","f__Saccharomycetaceae","g__Kluyveromyces","s__Kluyveromyces_marxianus"
"fd58637e632cabcbf62b97f38e087672","k__Fungi","p__Ascomycota","c__Dothideomycetes","o__","f__","g__","s__"
"08fab88678335f0e7735387c8d82e354","k__Fungi","p__Ascomycota","c__Sordariomycetes","o__Hypocreales","f__Nectriaceae","g__Cosmospora","s__"
"0a92098721c43e2fb1dd5a9b59a50e20","k__Fungi","p__Ascomycota","c__Dothideomycetes","o__Pleosporales","f__Phaeosphaeriaceae","g__Septoriella","s__"
"11819b19a112d511412b76e9f7946c31","k__Fungi","p__Basidiomycota","c__Agaricomycetes","o__Polyporales","f__Polyporaceae","g__Daedaleopsis","s__Daedaleopsis_confragosa"
"2122d5546f9bb8511ae4f7dfc49be841","k__Fungi","p__Ascomycota","c__Dothideomycetes","o__Pleosporales","f__","g__","s__"
"35b428c0f70661099c98706b3a378c8e","k__Fungi","p__","c__","o__","f__","g__","s__"
"650b55e88dc33304c028f125fa8d8f25","k__Fungi","p__Ascomycota","c__Eurotiomycetes","o__Eurotiales","f__Aspergillaceae","g__Aspergillus","s__Aspergillus_conicus"
"68efcf1ce69084827e3882e1f7fed7bb","k__Fungi","p__Ascomycota","c__Dothideomycetes","o__Mycosphaerellales","f__Mycosphaerellaceae","g__Sphaerulina","s__"
"d1d6143d85637660a83b45c17003c88f","k__Fungi","p__","c__","o__","f__","g__","s__"
"d3d7b916e7c461f0a333a37a8249170a","k__Fungi","p__Ascomycota","c__Taphrinomycetes","o__Taphrinales","f__Taphrinaceae","g__Taphrina","s__Taphrina_confusa"
"d980d0dc34b7421da9b437d13d9587c7","k__Fungi","p__","c__","o__","f__","g__","s__"
"dee3cda5516faa9f4aab08d4b3b21541","k__Fungi","p__Ascomycota","c__Dothideomycetes","o__Pleosporales","f__Torulaceae","g__Torula","s__Torula_gaodangensis"
"fbfa311375a95fe260ea917e0d677c69","k__Fungi","p__Basidiomycota","c__Agaricomycetes","o__Hymenochaetales","f__Rickenellaceae","g__Peniophorella","s__Peniophorella_pubera"
"11c27b4dee6223ebdee56db3babf1d56","k__Fungi","p__","c__","o__","f__","g__","s__"
"1aba3dc6d6ba61bd6883839992cf1984","k__Fungi","p__Ascomycota","c__Sordariomycetes","o__Microascales","f__Ceratocystidaceae","g__Sporendocladia","s__Sporendocladia_bactrospora"
"247017614269938e052e2198a37c3fa2","k__Fungi","p__Basidiomycota","c__Cystobasidiomycetes","o__Cystobasidiomycetes_ord_Incertae_sedis","f__Symmetrosporaceae","g__Symmetrospora","s__Symmetrospora_oryzicola"
"a062c9f0c09df82eb300a70ab0e20a33","k__Fungi","p__Ascomycota","c__Eurotiomycetes","o__Eurotiales","f__Aspergillaceae","g__Penicillium","s__Penicillium_longisporum"
"b9e01b68f8b86312600df9d898836ebf","k__Fungi","p__Basidiomycota","c__","o__","f__","g__","s__"
"cfd246457c6bb88f9259f5dbb293ede7","k__Fungi","p__Basidiomycota","c__Agaricomycetes","o__Hymenochaetales","f__Hymenochaetales_fam_Incertae_sedis","g__Trichaptum","s__Trichaptum_abietinum"
"e307d9e76551dd1e642e874683e65e47","k__Fungi","p__Ascomycota","c__Leotiomycetes","o__Helotiales","f__Helotiaceae","g__Glarea","s__Glarea_sp"
"019a3f6d3e613a0ee22357b72396df5f","k__Fungi","p__Basidiomycota","c__Microbotryomycetes","o__Sporidiobolales","f__Sporidiobolaceae","g__Rhodotorula","s__Rhodotorula_toruloides"
"274adb6c1ecb99b56267f1711bc6f7da","k__Fungi","p__Ascomycota","c__Dothideomycetes","o__Pleosporales","f__Phaeosphaeriaceae","g__Neosetophoma","s__"
"64a8f725efd702e9e00fcd57d9f99d78","k__Fungi","p__Ascomycota","c__Sordariomycetes","o__Microascales","f__Microascaceae","g__Acaulium","s__Acaulium_album"
"907164f2482509929e0fc4b5b1775765","k__Fungi","p__","c__","o__","f__","g__","s__"
"cbeaf19e948fc768d0dd15cb27796de7","k__Fungi","p__Ascomycota","c__Eurotiomycetes","o__Eurotiales","f__Aspergillaceae","g__Talaromyces","s__Talaromyces_subericola"
"34ce89455e1dabcc8b419a8b34b799ed","k__Fungi","p__","c__","o__","f__","g__","s__"
"c6760dcb65c060c7c9107b3d18e47799","k__Fungi","p__Ascomycota","c__Lecanoromycetes","o__Acarosporales","f__Acarosporaceae","g__Acarospora","s__Acarospora_socialis"
"c789ed3801eede2677a558ed3e785a2c","k__Fungi","p__","c__","o__","f__","g__","s__"
"d1a21d3ea81ec68a856a857f91076e36","k__Fungi","p__Ascomycota","c__Leotiomycetes","o__Helotiales","f__Helotiales_fam_Incertae_sedis","g__","s__"
"e8b78f0b3ea4c9739fb6004cf7cea4d0","k__Fungi","p__Ascomycota","c__Eurotiomycetes","o__Eurotiales","f__Aspergillaceae","g__Paecilomyces","s__Paecilomyces_variotii"
"1335871f0409bfba37c39cf215a0cc07","k__Fungi","p__Ascomycota","c__","o__","f__","g__","s__"
"15da9f7b5bc077bb48997b7df9f19ecb","k__Fungi","p__Basidiomycota","c__Agaricomycetes","o__Agaricales","f__Psathyrellaceae","g__Coprinellus","s__Coprinellus_micaceus"
"6e567e1b0dc8603d36bf2ccc33d3d73c","k__Fungi","p__Ascomycota","c__Dothideomycetes","o__Pleosporales","f__Pleosporales_fam_Incertae_sedis","g__Ochrocladosporium","s__Ochrocladosporium_sp"
"6f51121a3f8d53552ff7f94ae4615f4a","k__Fungi","p__","c__","o__","f__","g__","s__"
"6f68fe69e9486f5a3403ce90fff71b52","k__Fungi","p__Ascomycota","c__Leotiomycetes","o__Helotiales","f__Ploettnerulaceae","g__Cadophora","s__"
"71007c9ed51f53ed0232017ca6a7a432","k__Fungi","p__Basidiomycota","c__Tremellomycetes","o__Tremellales","f__Bulleribasidiaceae","g__Vishniacozyma","s__Vishniacozyma_foliicola"
"8a6f15be7701762d64b0cfd6ac292750","k__Fungi","p__Basidiomycota","c__Cystobasidiomycetes","o__Cystobasidiomycetes_ord_Incertae_sedis","f__Symmetrosporaceae","g__Symmetrospora","s__Symmetrospora_foliicola"
"93f76459f1542c79dc363e4fd61f0c19","k__Fungi","p__","c__","o__","f__","g__","s__"
"e84119945b29939b5b92636d746e2e74","k__Fungi","p__Ascomycota","c__Eurotiomycetes","o__Eurotiales","f__Aspergillaceae","g__Talaromyces","s__Talaromyces_scorteus"
"ef31a8877bb6b7515c9d37ae28b36de8","k__Fungi","p__Rozellomycota","c__Rozellomycota_cls_Incertae_sedis","o__Rozellomycota_ord_Incertae_sedis","f__Rozellomycota_fam_Incertae_sedis","g__Rozellomycota_gen_Incertae_sedis","s__Rozellomycota_sp"
"2586cb474ddf3e5847125a166b52f6ca","k__Fungi","p__Chytridiomycota","c__","o__","f__","g__","s__"
"2c22e9d12ac00508f702692bf5dffa7f","k__Fungi","p__Ascomycota","c__Eurotiomycetes","o__Eurotiales","f__Aspergillaceae","g__Paecilomyces","s__Paecilomyces_maximus"
"42da6850ba692b2fd34b38770c1e07e9","k__Fungi","p__Ascomycota","c__Dothideomycetes","o__Pleosporales","f__Phaeosphaeriaceae","g__Parastagonospora","s__Parastagonospora_nodorum"
"4f9551ffd6d5c87223fe6291b395da6d","k__Fungi","p__Ascomycota","c__Dothideomycetes","o__Mycosphaerellales","f__Mycosphaerellaceae","g__","s__"
"68754dcc770360258a030e3c4d2561a4","k__Fungi","p__Ascomycota","c__Eurotiomycetes","o__Eurotiales","f__Aspergillaceae","g__Penicillium","s__Penicillium_implicatum"
"72bba275932e1c1b3c439465e60bd2e7","k__Fungi","p__Basidiomycota","c__Malasseziomycetes","o__Malasseziales","f__Malasseziaceae","g__Malassezia","s__"
"a37291f0dddb53d845df7cdc29b199da","k__Fungi","p__Basidiomycota","c__Agaricomycetes","o__Auriculariales","f__Exidiaceae","g__Exidia","s__Exidia_glandulosa"
"aab653ae31844994fb18d040b43fc502","k__Fungi","p__Ascomycota","c__Dothideomycetes","o__Pleosporales","f__Phaeosphaeriaceae","g__","s__"
"b71cb1ceff718feb9d65b9b37e604fdd","k__Fungi","p__Basidiomycota","c__Agaricomycetes","o__Polyporales","f__Irpicaceae","g__Ceriporia","s__Ceriporia_purpurea"
"d2ede2e650591679cb50f4108be27c49","k__Fungi","p__","c__","o__","f__","g__","s__"
"1c5e845d72a3c8574b857ae9881d7e86","k__Fungi","p__Ascomycota","c__Eurotiomycetes","o__Eurotiales","f__Aspergillaceae","g__Talaromyces","s__Talaromyces_minioluteus"
"68264c4818285b8279de7f28a000aea5","k__Fungi","p__Ascomycota","c__Dothideomycetes","o__Pleosporales","f__","g__","s__"
"995bb9b8298711e6fb5dd896a7412bc3","k__Fungi","p__Basidiomycota","c__Agaricomycetes","o__Polyporales","f__Phanerochaetaceae","g__Bjerkandera","s__"
"b3f976d0de7ee78dcb1683d054a6e0bd","k__Fungi","p__Basidiomycota","c__Agaricomycetes","o__Polyporales","f__Meruliaceae","g__Crustodontia","s__Crustodontia_chrysocreas"
"da49bbf556ec23eb6721ac71e1127d2f","k__Fungi","p__Ascomycota","c__Leotiomycetes","o__Helotiales","f__","g__","s__"
"eca1ffe2bb4e437eab14fade196a67b7","k__Fungi","p__Ascomycota","c__Sordariomycetes","o__Hypocreales","f__Cordycipitaceae","g__Simplicillium","s__Simplicillium_aogashimaense"
"f657f9f3096d048df1948399ce60bca3","k__Fungi","p__","c__","o__","f__","g__","s__"
"fce042dd1f4ebe2713d17dfa605e105a","k__Fungi","p__Ascomycota","c__Dothideomycetes","o__Mycosphaerellales","f__Mycosphaerellaceae","g__Pallidocercospora","s__Pallidocercospora_sp"
"3c2d00a44620c8baf74eccbad7cc6127","k__Fungi","p__Basidiomycota","c__Wallemiomycetes","o__Wallemiales","f__Wallemiaceae","g__Wallemia","s__"
"668ee4ef35c4edd4ef14667d1dc6571b","k__Fungi","p__Basidiomycota","c__Tremellomycetes","o__Tremellales","f__Bulleribasidiaceae","g__Dioszegia","s__Dioszegia_hungarica"
"891cb90e85069f5ceaf0647ac20e9703","k__Fungi","p__Ascomycota","c__Dothideomycetes","o__Mycosphaerellales","f__Mycosphaerellaceae","g__Ramularia","s__"
"c3859e366e29a05d23a3238351b268a3","k__Fungi","p__Ascomycota","c__Dothideomycetes","o__Dothideales","f__Zalariaceae","g__Zalaria","s__Zalaria_alba"
"d429339088f1c42b2d33a8069c864d1d","k__Fungi","p__Basidiomycota","c__Tremellomycetes","o__Tremellales","f__Bulleribasidiaceae","g__Bulleribasidium","s__"
"e917b5859ca49109b226978ceed29a39","k__Fungi","p__Ascomycota","c__Eurotiomycetes","o__Eurotiales","f__Aspergillaceae","g__Penicillium","s__"
"0b6744fe0eb83938052a1e09ce8bb390","k__Fungi","p__Basidiomycota","c__Ustilaginomycetes","o__Ustilaginales","f__Ustilaginaceae","g__Farysia","s__Farysia_acheniorum"
"300db50da820e0445839e912378628a4","k__Fungi","p__Ascomycota","c__","o__","f__","g__","s__"
"7611097a7d30a65d3da12bc32c672e32","k__Fungi","p__Ascomycota","c__Eurotiomycetes","o__Eurotiales","f__Aspergillaceae","g__Penicillium","s__Penicillium_virgatum"
"803b33305ace788fb24764f72aa23f8d","k__Fungi","p__Basidiomycota","c__Agaricomycetes","o__Russulales","f__Stereaceae","g__Stereum","s__Stereum_hirsutum"
"8726f8a8cbd64ced0132754e92113f43","k__Fungi","p__Ascomycota","c__Leotiomycetes","o__Helotiales","f__Mollisiaceae","g__Mollisia","s__Mollisia_sp"
"b5ef2740ad65be35c2a6f8e0f927f6b0","k__Fungi","p__Ascomycota","c__Leotiomycetes","o__Helotiales","f__Ploettnerulaceae","g__Cadophora","s__Cadophora_obovata"
"be1da40afc5c5e9d9dce0a19408d9a8b","k__Fungi","p__Ascomycota","c__Leotiomycetes","o__","f__","g__","s__"
"cdf0e5fa1d867158f4cfba45646d37ae","k__Fungi","p__Ascomycota","c__Pezizomycetes","o__Pezizales","f__Pezizaceae","g__Iodophanus","s__Iodophanus_carneus"
"d42cd49854d227dc060f1c9f2862e0a2","k__Fungi","p__Ascomycota","c__Sordariomycetes","o__Sordariales","f__Chaetomiaceae","g__Dichotomopilus","s__Dichotomopilus_indicus"
"e6069fc8847d2ec3654eb1162fe576d7","k__Fungi","p__Ascomycota","c__Sordariomycetes","o__Microascales","f__Microascaceae","g__Scopulariopsis","s__"
"e7b7b5ed8d736f6c426f54b37e4fdb49","k__Fungi","p__Basidiomycota","c__Agaricomycetes","o__Polyporales","f__Meripilaceae","g__Rigidoporus","s__Rigidoporus_pouzarii"
"02d723480d5bfa2e6732629c5fe4a735","k__Fungi","p__Ascomycota","c__Leotiomycetes","o__Thelebolales","f__Thelebolaceae","g__Inopinatum","s__Inopinatum_lactosum"
"07e0c18aaf2dcd4d0372a84bd9056b57","k__Fungi","p__","c__","o__","f__","g__","s__"
"09c800b6072a1d1ce67640865a3897ff","k__Fungi","p__Ascomycota","c__Sordariomycetes","o__Sordariales","f__Chaetomiaceae","g__Chaetomium","s__Chaetomium_pachypodioides"
"1f500f41322dcd6a26637a0391548f41","k__Fungi","p__Basidiomycota","c__Tremellomycetes","o__Trichosporonales","f__Trichosporonaceae","g__Cutaneotrichosporon","s__Cutaneotrichosporon_moniliiforme"
"268ef8e5a1761eb5d950d3f25685f869","k__Fungi","p__Ascomycota","c__Sordariomycetes","o__Phomatosporales","f__Phomatosporaceae","g__Phomatosporaceae_gen_Incertae_sedis","s__Phomatosporaceae_sp"
"2e21e4d214deb7c2d5a8a8e32d8cc616","k__Fungi","p__Basidiomycota","c__Agaricomycetes","o__Hymenochaetales","f__Rickenellaceae","g__Peniophorella","s__Peniophorella_praetermissa"
"423eb0d78384e65c793da9da4b227471","k__Fungi","p__Basidiomycota","c__Tremellomycetes","o__Trichosporonales","f__Trichosporonaceae","g__Apiotrichum","s__Apiotrichum_loubieri"
"6ac6731ec99733e7c4e8cc30ab0bae83","k__Fungi","p__","c__","o__","f__","g__","s__"
"7467eee987d63e4bbccb133f4187f0f1","k__Fungi","p__Ascomycota","c__Saccharomycetes","o__Saccharomycetales","f__Saccharomycetales_fam_Incertae_sedis","g__Limtongozyma","s__Limtongozyma_cylindracea"
"a0ffe528b3a971a0df9ac462b85ef149","k__Fungi","p__Ascomycota","c__Eurotiomycetes","o__Eurotiales","f__Aspergillaceae","g__Paecilomyces","s__Paecilomyces_fulvus"
"b72b206d8cf419761b534b2032c2bb68","k__Fungi","p__Ascomycota","c__Dothideomycetes","o__Pleosporales","f__Dictyosporiaceae","g__","s__"
"ef8b2a482387dcd3c856ce38b8d66b60","k__Fungi","p__Ascomycota","c__Eurotiomycetes","o__Eurotiales","f__Aspergillaceae","g__Talaromyces","s__Talaromyces_rademirici"
"f02ea90d4a312c9dde55445fb4e34168","k__Fungi","p__Ascomycota","c__Eurotiomycetes","o__Eurotiales","f__Aspergillaceae","g__","s__"
"1fe9f61da88c7c83d3e921fb52523e08","k__Fungi","p__Ascomycota","c__Dothideomycetes","o__Pleosporales","f__Phaeosphaeriaceae","g__Leptospora","s__Leptospora_rubella"
"47ba1223334f5a5418848727b242671e","k__Fungi","p__","c__","o__","f__","g__","s__"
"693bc27c7685946acea1b86c08fca2d5","k__Fungi","p__","c__","o__","f__","g__","s__"
"79bb3fed659835b167cbc22bbcf6db10","k__Fungi","p__Ascomycota","c__Leotiomycetes","o__Helotiales","f__Mollisiaceae","g__Mollisia","s__Mollisia_undulatodepressula"
"7fb8908344a913171d63b6eb4888d0ec","k__Fungi","p__Ascomycota","c__Dothideomycetes","o__Pleosporales","f__Phaeosphaeriaceae","g__Paraophiobolus","s__Paraophiobolus_arundinis"
"961f603fd55f1d33c5030984b57195b9","k__Fungi","p__","c__","o__","f__","g__","s__"
"981afe6a678be77318e0cf6c3aedd7ea","k__Fungi","p__Ascomycota","c__Arthoniomycetes","o__Lichenostigmatales","f__Phaeococcomycetaceae","g__Phaeococcomyces","s__Phaeococcomyces_sp"
"9a7b80466362e1eacb2d5432fc352eb0","k__Fungi","p__Ascomycota","c__Sordariomycetes","o__Microascales","f__Ceratocystidaceae","g__Sporendocladia","s__Sporendocladia_bactrospora"
"b2af59332fddde5ae51bd4504a8a639c","k__Fungi","p__Ascomycota","c__Eurotiomycetes","o__Eurotiales","f__Aspergillaceae","g__Penicillium","s__"
"bc1403f9fd939cf03bdca6548507307d","k__Fungi","p__","c__","o__","f__","g__","s__"
"be16554bf3a26d3aa1b8bff7ccf391dd","k__Fungi","p__Ascomycota","c__Sordariomycetes","o__Hypocreales","f__Hypocreaceae","g__Trichoderma","s__"
"fd13eb69a7a4bf59de5954c00c07c8b6","k__Fungi","p__Basidiomycota","c__Cystobasidiomycetes","o__Cystobasidiomycetes_ord_Incertae_sedis","f__Symmetrosporaceae","g__Symmetrospora","s__Symmetrospora_sp"
"2692edda74bdd451b585413e8303147c","k__Fungi","p__Ascomycota","c__Sordariomycetes","o__Hypocreales","f__Hypocreales_fam_Incertae_sedis","g__Sporidesmium","s__Sporidesmium_nujiangense"
"4a9ebc0a66535997ebb67a89622569cd","k__Fungi","p__Ascomycota","c__Sordariomycetes","o__Hypocreales","f__Cordycipitaceae","g__Lecanicillium","s__"
"5637f459ffe10519631898d4c581b658","k__Fungi","p__Ascomycota","c__Sordariomycetes","o__Xylariales","f__Diatrypaceae","g__Eutypella","s__Eutypella_sp"
"8d5cd87b264dca24c2a6747d95d36595","k__Fungi","p__Ascomycota","c__Dothideomycetes","o__Pleosporales","f__Phaeosphaeriaceae","g__Neosetophoma","s__Neosetophoma_xingrensis"
"c6f539c9ed8688d3c26b1ec92fefd36b","k__Fungi","p__Ascomycota","c__Dothideomycetes","o__Pleosporales","f__Lophiostomataceae","g__Lophiostoma","s__"
"e6e2cdc2a1c4ec333d8e08267a5c8a39","k__Fungi","p__Ascomycota","c__Leotiomycetes","o__","f__","g__","s__"
"f9763d8eb6b22ab64a4ce6135e1c595d","k__Fungi","p__Basidiomycota","c__Tremellomycetes","o__Trichosporonales","f__Trichosporonaceae","g__Apiotrichum","s__"
"fdaa507e020db1977ba280afb466a86b","k__Fungi","p__Ascomycota","c__Sordariomycetes","o__Hypocreales","f__Stachybotryaceae","g__Striaticonidium","s__"
"133ba9365173b9bcd1c970a8e37380b6","k__Fungi","p__Basidiomycota","c__Agaricomycetes","o__Agaricales","f__Strophariaceae","g__Agrocybe","s__Agrocybe_praecox"
"5699486d3ea2e6593087ab52a45d8106","k__Fungi","p__Ascomycota","c__Pezizomycotina_cls_Incertae_sedis","o__Pezizomycotina_ord_Incertae_sedis","f__Pezizomycotina_fam_Incertae_sedis","g__Spermospora","s__Spermospora_zeae"
"cc7e673ef546897a03decd141a9c0959","k__Fungi","p__Ascomycota","c__Eurotiomycetes","o__Eurotiales","f__Aspergillaceae","g__Aspergillus","s__"
"ce227dfa3ff9622d9933c5d41e3e826c","k__Fungi","p__Ascomycota","c__Sordariomycetes","o__Hypocreales","f__Hypocreales_fam_Incertae_sedis","g__Sarocladium","s__Sarocladium_strictum"
"f00743380bd00af0489108254bb2d4c1","k__Fungi","p__Mortierellomycota","c__Mortierellomycetes","o__Mortierellales","f__Mortierellaceae","g__Mortierella","s__Mortierella_reticulata"
"f1a2f2edf6c2b211d0ba3edbd54327a7","k__Fungi","p__Fungi_phy_Incertae_sedis","c__Fungi_cls_Incertae_sedis","o__Fungi_ord_Incertae_sedis","f__Fungi_fam_Incertae_sedis","g__Fungi_gen_Incertae_sedis","s__Fungi_sp"
"024b3cc157d31b4d0287ab4c95d1b986","k__Fungi","p__Ascomycota","c__Sordariomycetes","o__Sordariales","f__Chaetomiaceae","g__Dichotomopilus","s__Dichotomopilus_dolichotrichus"
"28ed5293d227b15ae3d0a4e1e34431fd","k__Fungi","p__Ascomycota","c__Dothideomycetes","o__Mycosphaerellales","f__Teratosphaeriaceae","g__Constantinomyces","s__Constantinomyces_macerans"
"4c3cdddf36f9dd19dcdf7a1106b1e61f","k__Fungi","p__Ascomycota","c__Sordariomycetes","o__Hypocreales","f__Niessliaceae","g__","s__"
"56f0e4a12286114272bcec7b1006a7c5","k__Fungi","p__","c__","o__","f__","g__","s__"
"5a69b9cd86afa6331eb75026219d9043","k__Fungi","p__Ascomycota","c__Dothideomycetes","o__Pleosporales","f__Phaeosphaeriaceae","g__Paraphoma","s__"
"8d83dad1d427cafb1707615fccb7b2d4","k__Fungi","p__Ascomycota","c__Sordariomycetes","o__Microascales","f__Microascaceae","g__Enterocarpus","s__Enterocarpus_grenotii"
"aebfbb48b9fd4bc42fa3f86264f55e48","k__Fungi","p__Ascomycota","c__Eurotiomycetes","o__Eurotiales","f__Aspergillaceae","g__Aspergillus","s__Aspergillus_canadensis"
"b9dae6bf176c922dc6888bd5d9e6a2a4","k__Fungi","p__Ascomycota","c__","o__","f__","g__","s__"
"be835086f2269f824a41a807aeb40fc3","k__Fungi","p__","c__","o__","f__","g__","s__"
"e503c0d8593a1e4d62d1bac0d55da5d8","k__Fungi","p__Ascomycota","c__Leotiomycetes","o__Helotiales","f__Vibrisseaceae","g__Vibrissea","s__Vibrissea_sp"
"e6ca7debeaa736fe5621683e5492f568","k__Fungi","p__","c__","o__","f__","g__","s__"
"ec6dce846dfc37adea771627555b5ec8","k__Fungi","p__Ascomycota","c__Leotiomycetes","o__Helotiales","f__Mollisiaceae","g__Mollisia","s__Mollisia_undulatodepressula"
"f6f53d08f5917d9a1bf38944b2e7714d","k__Fungi","p__Ascomycota","c__Eurotiomycetes","o__Eurotiales","f__Aspergillaceae","g__Aspergillus","s__Aspergillus_salinarum"
"00212e9032ae67f8bae2c8200172462f","k__Fungi","p__Ascomycota","c__Dothideomycetes","o__Capnodiales","f__Cladosporiaceae","g__Cladosporium","s__"
"9a081d4d315cf18bd6ce022fbdbf2915","k__Fungi","p__Ascomycota","c__Pezizomycetes","o__Pezizales","f__Pezizaceae","g__Pachyella","s__Pachyella_clypeata"
"9f2c8d0d2ab6ffd276b9a2e382ef70cc","k__Fungi","p__Ascomycota","c__Dothideomycetes","o__Pleosporales","f__Didymellaceae","g__Didymella","s__"
"cabe5c41c4959797bd4486518bd1377e","k__Fungi","p__Ascomycota","c__Dothideomycetes","o__Mycosphaerellales","f__Mycosphaerellaceae","g__Ramularia","s__"
"cf30cfe20c4b4db8bb93fe7ed562799d","k__Fungi","p__Basidiomycota","c__Agaricomycetes","o__Agaricales","f__Psathyrellaceae","g__Coprinellus","s__"
"0c1fd1f45d0cf88b01c3e04ad7a3b3a0","k__Fungi","p__Ascomycota","c__Sordariomycetes","o__Xylariales","f__Xylariaceae","g__Nemania","s__Nemania_sp"
"12d275de8efacbc6395d0d862f949e4d","k__Fungi","p__Ascomycota","c__Dothideomycetes","o__Dothideales","f__Saccotheciaceae","g__Aureobasidium","s__"
"481a42f0a7048293e8d614c890217760","k__Fungi","p__","c__","o__","f__","g__","s__"
"6f20496aa2ee0cc2eb41026137bc6139","k__Fungi","p__Ascomycota","c__Sordariomycetes","o__Phomatosporales","f__Phomatosporaceae","g__Phomatosporaceae_gen_Incertae_sedis","s__Phomatosporaceae_sp"
"75d89dd5397c725f8b76d890917c5b23","k__Fungi","p__Ascomycota","c__Dothideomycetes","o__Pleosporales","f__Lentitheciaceae","g__Keissleriella","s__Keissleriella_phragmiticola"
"76637f3b73207ae103e2100c2eb967da","k__Fungi","p__Fungi_phy_Incertae_sedis","c__Fungi_cls_Incertae_sedis","o__Fungi_ord_Incertae_sedis","f__Fungi_fam_Incertae_sedis","g__Fungi_gen_Incertae_sedis","s__Fungi_sp"
"898892a234f2156fca1169cde8f9d708","k__Fungi","p__Basidiomycota","c__Microbotryomycetes","o__Sporidiobolales","f__Sporidiobolaceae","g__Rhodotorula","s__Rhodotorula_graminis"
"c44482c415b245311e41fed35771a887","k__Fungi","p__Ascomycota","c__","o__","f__","g__","s__"
"05e627c1fb3a1bda319214767148b388","k__Fungi","p__","c__","o__","f__","g__","s__"
"22253b2a6418d94860c5139dee539a3a","k__Fungi","p__Basidiomycota","c__Cystobasidiomycetes","o__Cystobasidiales","f__Cystobasidiaceae","g__Cystobasidium","s__Cystobasidium_pinicola"
"a456b94bc7aef399fd9b601ea58f8d9b","k__Fungi","p__Ascomycota","c__Lecanoromycetes","o__Lecanorales","f__Parmeliaceae","g__","s__"
"bc70e1e847ffeb6f079817af01b61325","k__Fungi","p__Ascomycota","c__Dothideomycetes","o__Mycosphaerellales","f__Mycosphaerellaceae","g__Ramularia","s__"
"e5424469653b79f0f47996f9e76568c9","k__Fungi","p__","c__","o__","f__","g__","s__"
"fe3ce0f1d208ade57745809c1cc9f5c9","k__Fungi","p__Ascomycota","c__","o__","f__","g__","s__"
"1657c5ef736c898b061084873e06f3bb","k__Fungi","p__Ascomycota","c__Leotiomycetes","o__Helotiales","f__","g__","s__"
"35264eec2c4329438c6486416faff40d","k__Fungi","p__Ascomycota","c__Sordariomycetes","o__Microascales","f__Ceratocystidaceae","g__Ceratocystis","s__Ceratocystis_pilifera"
"4ee5b08cf0eda55b3ed0d4e66d7a7f0d","k__Fungi","p__Ascomycota","c__Leotiomycetes","o__Helotiales","f__Helotiaceae","g__Glarea","s__Glarea_sp"
"ece673ab96ccdd89324c1de8a1ff4cdc","k__Fungi","p__Ascomycota","c__Eurotiomycetes","o__Eurotiales","f__Aspergillaceae","g__Aspergillus","s__Aspergillus_penicillioides"
"f0c9aff89f87f67ac4acd26c96933477","k__Fungi","p__Ascomycota","c__Dothideomycetes","o__Mycosphaerellales","f__Mycosphaerellaceae","g__Ramularia","s__"
"fa6b8dbe6c73fee0234dad5e68f58a20","k__Fungi","p__Ascomycota","c__Saccharomycetes","o__Saccharomycetales","f__Saccharomycetaceae","g__Kazachstania","s__Kazachstania_bulderi"
"277e65c69a711330b1fcf3d3ff25a2df","k__Fungi","p__","c__","o__","f__","g__","s__"
"5d1fafe48b899d1c94f63936a55533ed","k__Fungi","p__","c__","o__","f__","g__","s__"
"905d51f778c23c06c93c55043a795928","k__Fungi","p__Ascomycota","c__Eurotiomycetes","o__Chaetothyriales","f__Cyphellophoraceae","g__Cyphellophora","s__Cyphellophora_sessilis"
"9f228e7fa989d28b8501b6d267536811","k__Fungi","p__Ascomycota","c__Saccharomycetes","o__Saccharomycetales","f__Saccharomycetales_fam_Incertae_sedis","g__Starmerella","s__Starmerella_etchellsii"
"a0dc2e43353a9279d5222c18a48fabd1","k__Fungi","p__Ascomycota","c__Sordariomycetes","o__Ophiostomatales","f__Ophiostomataceae","g__Ophiostoma","s__Ophiostoma_sparsiannulatum"
"ac30dcd11c1b98062f24cf66234790ae","k__Fungi","p__Ascomycota","c__Eurotiomycetes","o__Eurotiales","f__Aspergillaceae","g__Penicillium","s__"
"ea168ff521b092ab2cd7696a91c10fdd","k__Fungi","p__Ascomycota","c__Eurotiomycetes","o__Eurotiales","f__Aspergillaceae","g__Penicillium","s__"
"eaa8af1fc80f66c46c65cccf5e89c1ae","k__Fungi","p__","c__","o__","f__","g__","s__"
"ebfcb28e95bacdcc776491747cce9219","k__Fungi","p__Ascomycota","c__Leotiomycetes","o__Helotiales","f__Myxotrichaceae","g__Myxotrichum","s__Myxotrichum_stipitatum"
"08a05175be7f70e7889330573a903c26","k__Fungi","p__Ascomycota","c__Eurotiomycetes","o__Chaetothyriales","f__","g__","s__"
"0b9e2bbc67631cdf1b065d27cd67ce14","k__Fungi","p__Ascomycota","c__Taphrinomycetes","o__Taphrinales","f__Taphrinaceae","g__Taphrina","s__Taphrina_inositophila"
"735101249a7901387cc051faea254c93","k__Fungi","p__Ascomycota","c__Sordariomycetes","o__Ophiostomatales","f__Ophiostomataceae","g__Sporothrix","s__Sporothrix_rossii"
"bfe03235bdabb10478bc209f178eab8d","k__Fungi","p__","c__","o__","f__","g__","s__"
"d36f7f8521dc38166f965d9c0f44eef0","k__Fungi","p__","c__","o__","f__","g__","s__"
"f96e480f329ff37de63b101b8d8320a0","k__Fungi","p__Ascomycota","c__Sordariomycetes","o__Xylariales","f__Xylariaceae","g__Zygosporium","s__Zygosporium_pseudogibbum"
"54026402d3b5959413373debae97ebbe","k__Fungi","p__Basidiomycota","c__Agaricostilbomycetes","o__Agaricostilbales","f__Kondoaceae","g__Bensingtonia","s__Bensingtonia_naganoensis"
"ce30663d0d5ee4918e93893e4b255ab1","k__Fungi","p__","c__","o__","f__","g__","s__"
"f0ae0b40d287420836a3dbd5aa17dfc7","k__Fungi","p__","c__","o__","f__","g__","s__"
"fad288efa9b957f22871a8a39b6f8282","k__Fungi","p__Basidiomycota","c__Microbotryomycetes","o__Sporidiobolales","f__Sporidiobolaceae","g__Sporobolomyces","s__Sporobolomyces_koalae"
"2fff4290fe4f6b10ef6f1e72596b612e","k__Fungi","p__Ascomycota","c__Eurotiomycetes","o__Chaetothyriales","f__Herpotrichiellaceae","g__Phialophora","s__Phialophora_atrovirens"
"959b3dc09024eb5657653a196c619e84","k__Fungi","p__Ascomycota","c__Pezizomycetes","o__Pezizales","f__Pyronemataceae","g__Lasiobolidium","s__Lasiobolidium_orbiculoides"
"a8aedc2b9a22e02a4686a1e439ac4a5c","k__Fungi","p__Ascomycota","c__Dothideomycetes","o__Pleosporales","f__Sporormiaceae","g__Westerdykella","s__Westerdykella_centenaria"
"b4f57460b9cdbec3a5cd7c1eaa660441","k__Fungi","p__Ascomycota","c__Eurotiomycetes","o__Verrucariales","f__Verrucariaceae","g__","s__"
"d484b2312ee15c6503498d5812d60df3","k__Fungi","p__Ascomycota","c__Sordariomycetes","o__Sordariomycetes_ord_Incertae_sedis","f__Sordariomycetes_fam_Incertae_sedis","g__Sordariomycetes_gen_Incertae_sedis","s__Sordariomycetes_sp"
"1b777f607af595600fc5f0a1502100c0","k__Fungi","p__Basidiomycota","c__Agaricomycetes","o__Sebacinales","f__Sebacinaceae","g__Chaetospermum","s__Chaetospermum_sp"
"8219195d8cef8f5ae8fc2a26efb75d65","k__Fungi","p__Ascomycota","c__","o__","f__","g__","s__"
"85c570b8e0643aee229d86d23d569607","k__Fungi","p__Mucoromycota","c__Mucoromycetes","o__Mucorales","f__Mucoraceae","g__Mucor","s__Mucor_racemosus"
"8ac188b481288f6db36ed1a00e25ada6","k__Fungi","p__Ascomycota","c__Sordariomycetes","o__Hypocreales","f__Nectriaceae","g__Fusarium","s__Fusarium_mori"
"8be8b18d804241fef8f72817f7ea1397","k__Fungi","p__Ascomycota","c__Sordariomycetes","o__Myrmecridiales","f__Myrmecridiaceae","g__Myrmecridium","s__Myrmecridium_junci"
"9582127c5653d0bb691de02dc8a47740","k__Fungi","p__Basidiomycota","c__Tremellomycetes","o__Tremellales","f__Cryptococcaceae","g__Kwoniella","s__Kwoniella_heveanensis"
"a7bf5d50e05878c6a8cb3921f9ad0aeb","k__Fungi","p__","c__","o__","f__","g__","s__"
"c6e6851e859c863ecfc45f3249775a35","k__Fungi","p__Ascomycota","c__","o__","f__","g__","s__"
"0e90b0b2d12c0c580f5360a144bc4f40","k__Fungi","p__","c__","o__","f__","g__","s__"
"642c396e686b47e2f61d5e793508b369","k__Fungi","p__Ascomycota","c__Dothideomycetes","o__Pleosporales","f__Pleosporaceae","g__Alternaria","s__"
"72eb1f9df90fa81e9f72007d491b065b","k__Fungi","p__Ascomycota","c__Dothideomycetes","o__Tubeufiales","f__Wiesneriomycetaceae","g__Spissiomyces","s__Spissiomyces_sp"
"c40317368de6c803862e585236fe95aa","k__Fungi","p__","c__","o__","f__","g__","s__"
"d6e51da479e2e24f02b1f77e09e185be","k__Fungi","p__Ascomycota","c__Saccharomycetes","o__Saccharomycetales","f__Saccharomycetales_fam_Incertae_sedis","g__Candida","s__Candida_argentea"
"db85917d97cf4ca0eef146af3e42c20b","k__Fungi","p__Basidiomycota","c__Tremellomycetes","o__Trichosporonales","f__Trichosporonaceae","g__Pascua","s__Pascua_guehoae"
"2776d7aeab18a3d833c26f9b4631ac09","k__Fungi","p__","c__","o__","f__","g__","s__"
"4c2c29f7ef1eea6092a2b0ec412c1da4","k__Fungi","p__Ascomycota","c__Lecanoromycetes","o__Acarosporales","f__Acarosporaceae","g__Acarospora","s__Acarospora_fusca"
"4fb61258776acf7484f85a6e051078ed","k__Fungi","p__Ascomycota","c__Eurotiomycetes","o__Eurotiales","f__Aspergillaceae","g__Aspergillus","s__"
"7b5c2283cce5d9336f36b75ad1468e33","k__Fungi","p__","c__","o__","f__","g__","s__"
"a3dfa89bfd7f9674a8e6705132b4131f","k__Fungi","p__Ascomycota","c__Sordariomycetes","o__Myrmecridiales","f__Myrmecridiaceae","g__Myrmecridium","s__Myrmecridium_schulzeri"
"b90e4e80fab5bd60b60a99ecccf4e92d","k__Fungi","p__Basidiomycota","c__Malasseziomycetes","o__Malasseziales","f__Malasseziaceae","g__Malassezia","s__Malassezia_arunalokei"
"d463c7dbfb4c49de89280f8ee96e4b5f","k__Fungi","p__Ascomycota","c__Dothideomycetes","o__Pleosporales","f__Pleosporaceae","g__Stemphylium","s__Stemphylium_sp"
"07306783aafb16764d66a27caa9d45b0","k__Fungi","p__Fungi_phy_Incertae_sedis","c__Fungi_cls_Incertae_sedis","o__Fungi_ord_Incertae_sedis","f__Fungi_fam_Incertae_sedis","g__Fungi_gen_Incertae_sedis","s__Fungi_sp"
"4c88cf3938657b7859a778cad0b8ee97","k__Fungi","p__Ascomycota","c__Eurotiomycetes","o__Eurotiales","f__Aspergillaceae","g__Aspergillus","s__Aspergillus_ruber"
"4583b6413b8e6b53bc01b1f7a98907eb","k__Fungi","p__","c__","o__","f__","g__","s__"
"7bb1a064500266513d3e2359eda834f4","k__Fungi","p__","c__","o__","f__","g__","s__"
"9915372355fd38c969a2de6c7345e673","k__Fungi","p__Ascomycota","c__Sordariomycetes","o__Hypocreales","f__Nectriaceae","g__Bisifusarium","s__"
"29e503619a9c4471dc6bf5ae36045b9b","k__Fungi","p__","c__","o__","f__","g__","s__"
"74f01941c5db1f012f9fe1d44703a1c4","k__Fungi","p__Ascomycota","c__Saccharomycetes","o__Saccharomycetales","f__Saccharomycetales_fam_Incertae_sedis","g__Candida","s__Candida_intermedia"
"9c3fd032a511056fcfe67725a05bc5dc","k__Fungi","p__Ascomycota","c__Eurotiomycetes","o__Eurotiales","f__Aspergillaceae","g__Penicillium","s__Penicillium_verhagenii"
"fb894f7a7d9a2a4705f549c3266b70a5","k__Fungi","p__Ascomycota","c__Eurotiomycetes","o__Chaetothyriales","f__Trichomeriaceae","g__Knufia","s__Knufia_hypolithi"
"0c9dc7e39a86e8cc498673eac1ff1b09","k__Fungi","p__","c__","o__","f__","g__","s__"
"36ff25867ea63787469b534b84cb64b1","k__Fungi","p__","c__","o__","f__","g__","s__"
"b8b6d5dfc35df4be51f20abe591b6ec5","k__Fungi","p__Ascomycota","c__Eurotiomycetes","o__Eurotiales","f__Aspergillaceae","g__Aspergillus","s__Aspergillus_canadensis"
"ea497c67cdcdd99930811be137e53c06","k__Fungi","p__Ascomycota","c__Leotiomycetes","o__Helotiales","f__Mollisiaceae","g__Phialocephala","s__Phialocephala_fluminis"
"0c60cf7bc095b7734b40ff0173caa4cd","k__Fungi","p__Basidiomycota","c__Tremellomycetes","o__Filobasidiales","f__Filobasidiaceae","g__","s__"
"bf6152125833f77e76803b642aed244e","k__Fungi","p__Ascomycota","c__Sordariomycetes","o__Sordariales","f__Chaetomiaceae","g__","s__"
"d323a0c02fe471ad2515bc95ff46ea4b","k__Fungi","p__","c__","o__","f__","g__","s__"
